"sample","scientific","maxn","family","genus","species","campaignid","latitude","longitude","date","time","location","status","site","depth","observer","successful.count","successful.length","comment","id"
"1","Sparidae Chrysophrys auratus",1,"Sparidae","Chrysophrys","auratus","2014-12_Geographe.Bay_stereoBRUVs",-33.36345,115.21415,20141210,13:20:00,"Geographe.Bay","Fished","NA",40,"Lizzy","Yes","Yes","NA","2014-12_Geographe.Bay_stereoBRUVs.1"
"10","Sparidae Chrysophrys auratus",0,"Sparidae","Chrysophrys","auratus","2014-12_Geographe.Bay_stereoBRUVs",-33.5281667,115.3313333,20141212,10:48:00,"Geographe.Bay","Fished","NA",22.7,"Lauren","Yes","Yes","NA","2014-12_Geographe.Bay_stereoBRUVs.10"
"100","Sparidae Chrysophrys auratus",4,"Sparidae","Chrysophrys","auratus","2014-12_Geographe.Bay_stereoBRUVs",-33.4324833,115.21415,20141210,11:14:00,"Geographe.Bay","Fished","NA",36.7,"Lauren","Yes","Yes","NA","2014-12_Geographe.Bay_stereoBRUVs.100"
"10000","Sparidae Chrysophrys auratus",1,"Sparidae","Chrysophrys","auratus","2014-12_Geographe.Bay_stereoBRUVs",-33.4135833,115.3645833,20141214,06:27:00,"Geographe.Bay","Fished","NA",16.4,"Lauren","Yes","Yes","NA","2014-12_Geographe.Bay_stereoBRUVs.10000"
"10001","Sparidae Chrysophrys auratus",0,"Sparidae","Chrysophrys","auratus","2014-12_Geographe.Bay_stereoBRUVs",-33.4217167,115.3722167,20141214,06:17:00,"Geographe.Bay","Fished","NA",15.9,"Lauren","Yes","Yes","NA","2014-12_Geographe.Bay_stereoBRUVs.10001"
"10002","Sparidae Chrysophrys auratus",6,"Sparidae","Chrysophrys","auratus","2014-12_Geographe.Bay_stereoBRUVs",-33.4234167,115.3889333,20141214,06:13:00,"Geographe.Bay","Fished","NA",15.4,"Lauren","Yes","Yes","NA","2014-12_Geographe.Bay_stereoBRUVs.10002"
"10003","Sparidae Chrysophrys auratus",0,"Sparidae","Chrysophrys","auratus","2014-12_Geographe.Bay_stereoBRUVs",-33.4213,115.35935,20141214,06:23:00,"Geographe.Bay","Fished","NA",16.5,"Lauren","Yes","Yes","NA","2014-12_Geographe.Bay_stereoBRUVs.10003"
"10004","Sparidae Chrysophrys auratus",0,"Sparidae","Chrysophrys","auratus","2014-12_Geographe.Bay_stereoBRUVs",-33.4039167,115.3976,20141214,07:03:00,"Geographe.Bay","Fished","NA",15.3,"Lauren","Yes","Yes","NA","2014-12_Geographe.Bay_stereoBRUVs.10004"
"10005","Sparidae Chrysophrys auratus",0,"Sparidae","Chrysophrys","auratus","2014-12_Geographe.Bay_stereoBRUVs",-33.4777667,115.3694,20141213,10:21:00,"Geographe.Bay","Fished","NA",24.6,"Laura","Yes","Yes","NA","2014-12_Geographe.Bay_stereoBRUVs.10005"
"101","Sparidae Chrysophrys auratus",4,"Sparidae","Chrysophrys","auratus","2014-12_Geographe.Bay_stereoBRUVs",-33.3885833,115.37675,20141214,06:47:00,"Geographe.Bay","Fished","NA",16.7,"Lizzy","Yes","Yes","NA","2014-12_Geographe.Bay_stereoBRUVs.101"
"102","Sparidae Chrysophrys auratus",0,"Sparidae","Chrysophrys","auratus","2014-12_Geographe.Bay_stereoBRUVs",-33.5185,115.1196,20141209,12:39:00,"Geographe.Bay","Fished","NA",34.4,"Lizzy","Yes","Yes","NA","2014-12_Geographe.Bay_stereoBRUVs.102"
"103","Sparidae Chrysophrys auratus",1,"Sparidae","Chrysophrys","auratus","2014-12_Geographe.Bay_stereoBRUVs",-33.4581167,115.4547167,20141211,13:12:00,"Geographe.Bay","Fished","NA",18.4,"Lauren","Yes","Yes","NA","2014-12_Geographe.Bay_stereoBRUVs.103"
"1038","Sparidae Chrysophrys auratus",0,"Sparidae","Chrysophrys","auratus","2014-12_Geographe.Bay_stereoBRUVs",-33.5333333,115.4200167,20141216,15:33:00,"Geographe.Bay","Fished","NA",13.9,"Laura","Yes","Yes","NA","2014-12_Geographe.Bay_stereoBRUVs.1038"
"104","Sparidae Chrysophrys auratus",1,"Sparidae","Chrysophrys","auratus","2014-12_Geographe.Bay_stereoBRUVs",-33.4597333,115.2450667,20141209,10:04:00,"Geographe.Bay","Fished","NA",33.3,"Lauren","Yes","Yes","NA","2014-12_Geographe.Bay_stereoBRUVs.104"
"106","Sparidae Chrysophrys auratus",0,"Sparidae","Chrysophrys","auratus","2014-12_Geographe.Bay_stereoBRUVs",-33.57825,115.3451333,20141212,11:27:00,"Geographe.Bay","Fished","NA",13.5,"laura","Yes","Yes","NA","2014-12_Geographe.Bay_stereoBRUVs.106"
"107","Sparidae Chrysophrys auratus",4,"Sparidae","Chrysophrys","auratus","2014-12_Geographe.Bay_stereoBRUVs",-33.5833333,115.1881167,20141215,08:56:00,"Geographe.Bay","Fished","NA",20.9,"Lizzy","Yes","Yes","NA","2014-12_Geographe.Bay_stereoBRUVs.107"
"108","Sparidae Chrysophrys auratus",0,"Sparidae","Chrysophrys","auratus","2014-12_Geographe.Bay_stereoBRUVs",-33.4690833,115.1676667,20141209,13:09:00,"Geographe.Bay","Fished","NA",35,"Laura","Yes","Yes","NA","2014-12_Geographe.Bay_stereoBRUVs.108"
"11","Sparidae Chrysophrys auratus",0,"Sparidae","Chrysophrys","auratus","2014-12_Geographe.Bay_stereoBRUVs",-33.5712167,115.2958167,20141212,08:59:00,"Geographe.Bay","Fished","NA",21.7,"Lauren","Yes","Yes","NA","2014-12_Geographe.Bay_stereoBRUVs.11"
"110","Sparidae Chrysophrys auratus",0,"Sparidae","Chrysophrys","auratus","2014-12_Geographe.Bay_stereoBRUVs",-33.4022667,115.3556833,20141214,06:37:00,"Geographe.Bay","Fished","NA",17,"Lauren","Yes","Yes","NA","2014-12_Geographe.Bay_stereoBRUVs.110"
"1108","Sparidae Chrysophrys auratus",0,"Sparidae","Chrysophrys","auratus","2014-12_Geographe.Bay_stereoBRUVs",-33.5580167,115.41435,20141216,15:20:00,"Geographe.Bay","Fished","NA",11.9,"Laura","Yes","Yes","NA","2014-12_Geographe.Bay_stereoBRUVs.1108"
"111","Sparidae Chrysophrys auratus",0,"Sparidae","Chrysophrys","auratus","2014-12_Geographe.Bay_stereoBRUVs",-33.5369,115.3219167,20141212,10:55:00,"Geographe.Bay","Fished","NA",21.9,"Laura","Yes","Yes","NA","2014-12_Geographe.Bay_stereoBRUVs.111"
"112","Sparidae Chrysophrys auratus",2,"Sparidae","Chrysophrys","auratus","2014-12_Geographe.Bay_stereoBRUVs",-33.4052,115.5224,20141211,12:35:00,"Geographe.Bay","Fished","NA",14.8,"Laura","Yes","Yes","NA","2014-12_Geographe.Bay_stereoBRUVs.112"
"113","Sparidae Chrysophrys auratus",1,"Sparidae","Chrysophrys","auratus","2014-12_Geographe.Bay_stereoBRUVs",-33.3658333,115.27785,20141210,13:45:00,"Geographe.Bay","Fished","NA",36.6,"Laura","Yes","Yes","NA","2014-12_Geographe.Bay_stereoBRUVs.113"
"114","Sparidae Chrysophrys auratus",0,"Sparidae","Chrysophrys","auratus","2014-12_Geographe.Bay_stereoBRUVs",-33.3984333,115.1639167,20141210,10:20:00,"Geographe.Bay","Fished","NA",39.7,"Lizzy","Yes","Yes","NA","2014-12_Geographe.Bay_stereoBRUVs.114"
"115","Sparidae Chrysophrys auratus",0,"Sparidae","Chrysophrys","auratus","2014-12_Geographe.Bay_stereoBRUVs",-33.4446333,115.4064667,20141213,10:46:00,"Geographe.Bay","Fished","NA",25.2,"Laura","Yes","Yes","NA","2014-12_Geographe.Bay_stereoBRUVs.115"
"116","Sparidae Chrysophrys auratus",0,"Sparidae","Chrysophrys","auratus","2014-12_Geographe.Bay_stereoBRUVs",-33.4981667,115.2863667,20141209,06:20:00,"Geographe.Bay","Fished","NA",29.7,"Laura","Yes","Yes","NA","2014-12_Geographe.Bay_stereoBRUVs.116"
"119","Sparidae Chrysophrys auratus",2,"Sparidae","Chrysophrys","auratus","2014-12_Geographe.Bay_stereoBRUVs",-33.4388333,115.5567333,20141214,11:25:00,"Geographe.Bay","Fished","NA",5.2,"Lizzy","Yes","Yes","NA","2014-12_Geographe.Bay_stereoBRUVs.119"
"11R1","Sparidae Chrysophrys auratus",0,"Sparidae","Chrysophrys","auratus","2014-12_Geographe.Bay_stereoBRUVs",-33.35885,115.3694,20141211,09:09:00,"Geographe.Bay","Fished","NA",30.4,"Lizzy","Yes","Yes","NA","2014-12_Geographe.Bay_stereoBRUVs.11R1"
"11R2","Sparidae Chrysophrys auratus",0,"Sparidae","Chrysophrys","auratus","2014-12_Geographe.Bay_stereoBRUVs",-33.3967333,115.5076167,20141211,12:26:00,"Geographe.Bay","Fished","NA",18.6,"Lizzy","Yes","Yes","NA","2014-12_Geographe.Bay_stereoBRUVs.11R2"
"11R3","Sparidae Chrysophrys auratus",0,"Sparidae","Chrysophrys","auratus","2014-12_Geographe.Bay_stereoBRUVs",-33.41215,115.5204667,20141211,12:40:00,"Geographe.Bay","Fished","NA",14.7,"Lauren","Yes","Yes","NA","2014-12_Geographe.Bay_stereoBRUVs.11R3"
"11R4","Sparidae Chrysophrys auratus",0,"Sparidae","Chrysophrys","auratus","2014-12_Geographe.Bay_stereoBRUVs",-33.4197,115.51755,20141211,12:48:00,"Geographe.Bay","Fished","NA",14.5,"Lauren","Yes","Yes","NA","2014-12_Geographe.Bay_stereoBRUVs.11R4"
"12","Sparidae Chrysophrys auratus",0,"Sparidae","Chrysophrys","auratus","2014-12_Geographe.Bay_stereoBRUVs",-33.40395,115.2615667,20141210,14:00:00,"Geographe.Bay","Fished","NA",38.7,"Lauren","Yes","Yes","NA","2014-12_Geographe.Bay_stereoBRUVs.12"
"122","Sparidae Chrysophrys auratus",0,"Sparidae","Chrysophrys","auratus","2014-12_Geographe.Bay_stereoBRUVs",-33.5375,115.4020833,20141213,05:48:00,"Geographe.Bay","Fished","NA",13.3,"Lauren","Yes","Yes","NA","2014-12_Geographe.Bay_stereoBRUVs.122"
"12RC1","Sparidae Chrysophrys auratus",0,"Sparidae","Chrysophrys","auratus","2014-12_Geographe.Bay_stereoBRUVs",-33.5932167,115.2132833,20141212,06:09:00,"Geographe.Bay","Fished","NA",26.5,"Laura","Yes","Yes","NA","2014-12_Geographe.Bay_stereoBRUVs.12RC1"
"12RC2","Sparidae Chrysophrys auratus",7,"Sparidae","Chrysophrys","auratus","2014-12_Geographe.Bay_stereoBRUVs",-33.5916,115.23785,20141212,08:23:00,"Geographe.Bay","Fished","NA",17.6,"Lauren","Yes","Yes","NA","2014-12_Geographe.Bay_stereoBRUVs.12RC2"
"12RC3","Sparidae Chrysophrys auratus",2,"Sparidae","Chrysophrys","auratus","2014-12_Geographe.Bay_stereoBRUVs",-33.5914667,115.24145,20141212,08:32:00,"Geographe.Bay","Fished","NA",17.9,"Lauren","Yes","Yes","NA","2014-12_Geographe.Bay_stereoBRUVs.12RC3"
"12RC5","Sparidae Chrysophrys auratus",0,"Sparidae","Chrysophrys","auratus","2014-12_Geographe.Bay_stereoBRUVs",-33.5621333,115.3443,20141212,11:16:00,"Geographe.Bay","Fished","NA",14.2,"Lizzy","Yes","Yes","NA","2014-12_Geographe.Bay_stereoBRUVs.12RC5"
"12RC6","Sparidae Chrysophrys auratus",0,"Sparidae","Chrysophrys","auratus","2014-12_Geographe.Bay_stereoBRUVs",-33.5711,115.3481333,20141212,11:22:00,"Geographe.Bay","Fished","NA",14.7,"laura","Yes","Yes","NA","2014-12_Geographe.Bay_stereoBRUVs.12RC6"
"12RC7","Sparidae Chrysophrys auratus",0,"Sparidae","Chrysophrys","auratus","2014-12_Geographe.Bay_stereoBRUVs",-33.5118,115.41785,20141212,13:38:00,"Geographe.Bay","Fished","NA",15.2,"laura","Yes","Yes","NA","2014-12_Geographe.Bay_stereoBRUVs.12RC7"
"12RC8","Sparidae Chrysophrys auratus",0,"Sparidae","Chrysophrys","auratus","2014-12_Geographe.Bay_stereoBRUVs",-33.5148667,115.41815,20141212,13:41:00,"Geographe.Bay","Fished","NA",14.1,"laura","Yes","Yes","NA","2014-12_Geographe.Bay_stereoBRUVs.12RC8"
"12RC9","Sparidae Chrysophrys auratus",1,"Sparidae","Chrysophrys","auratus","2014-12_Geographe.Bay_stereoBRUVs",-33.5162167,115.4064167,20141212,13:48:00,"Geographe.Bay","Fished","NA",14.5,"Lauren","Yes","Yes","NA","2014-12_Geographe.Bay_stereoBRUVs.12RC9"
"13","Sparidae Chrysophrys auratus",0,"Sparidae","Chrysophrys","auratus","2014-12_Geographe.Bay_stereoBRUVs",-33.4501833,115.0925167,20141209,13:41:00,"Geographe.Bay","Fished","NA",42.4,"Lauren","Yes","Yes","NA","2014-12_Geographe.Bay_stereoBRUVs.13"
"135","Sparidae Chrysophrys auratus",0,"Sparidae","Chrysophrys","auratus","2014-12_Geographe.Bay_stereoBRUVs",-33.50185,115.4207333,20141216,12:54:00,"Geographe.Bay","Fished","NA",15.8,"Lauren","Yes","Yes","NA","2014-12_Geographe.Bay_stereoBRUVs.135"
"138","Sparidae Chrysophrys auratus",1,"Sparidae","Chrysophrys","auratus","2014-12_Geographe.Bay_stereoBRUVs",-33.5808333,115.1139333,20141215,06:50:00,"Geographe.Bay","Fished","NA",15,"Lauren","Yes","Yes","NA","2014-12_Geographe.Bay_stereoBRUVs.138"
"139","Sparidae Chrysophrys auratus",0,"Sparidae","Chrysophrys","auratus","2014-12_Geographe.Bay_stereoBRUVs",-33.60325,115.2736667,20141217,08:29:00,"Geographe.Bay","Fished","NA",13.4,"Lauren","Yes","Yes","NA","2014-12_Geographe.Bay_stereoBRUVs.139"
"13RC1","Sparidae Chrysophrys auratus",0,"Sparidae","Chrysophrys","auratus","2014-12_Geographe.Bay_stereoBRUVs",-33.5059833,115.43075,20141213,06:11:00,"Geographe.Bay","Fished","NA",13.8,"Lauren","Yes","Yes","NA","2014-12_Geographe.Bay_stereoBRUVs.13RC1"
"13RC11","Sparidae Chrysophrys auratus",0,"Sparidae","Chrysophrys","auratus","2014-12_Geographe.Bay_stereoBRUVs",-33.3740333,115.36925,20141213,13:23:00,"Geographe.Bay","Fished","NA",31,"Laura","Yes","Yes","NA","2014-12_Geographe.Bay_stereoBRUVs.13RC11"
"13RC12","Sparidae Chrysophrys auratus",2,"Sparidae","Chrysophrys","auratus","2014-12_Geographe.Bay_stereoBRUVs",-33.3743667,115.3668167,20141213,13:25:00,"Geographe.Bay","Fished","NA",31.3,"Laura","Yes","Yes","NA","2014-12_Geographe.Bay_stereoBRUVs.13RC12"
"13RC13","Sparidae Chrysophrys auratus",1,"Sparidae","Chrysophrys","auratus","2014-12_Geographe.Bay_stereoBRUVs",-33.3754833,115.3631167,20141213,13:31:00,"Geographe.Bay","Fished","NA",31.1,"Lizzy","Yes","Yes","NA","2014-12_Geographe.Bay_stereoBRUVs.13RC13"
"13RC15","Sparidae Chrysophrys auratus",1,"Sparidae","Chrysophrys","auratus","2014-12_Geographe.Bay_stereoBRUVs",-33.3768333,115.3559333,20141213,13:39:00,"Geographe.Bay","Fished","NA",32.5,"Laura","Yes","Yes","NA","2014-12_Geographe.Bay_stereoBRUVs.13RC15"
"13RC2","Sparidae Chrysophrys auratus",1,"Sparidae","Chrysophrys","auratus","2014-12_Geographe.Bay_stereoBRUVs",-33.49485,115.45595,20141213,06:27:00,"Geographe.Bay","Fished","NA",13.4,"Lizzy","Yes","Yes","NA","2014-12_Geographe.Bay_stereoBRUVs.13RC2"
"13RC3","Sparidae Chrysophrys auratus",1,"Sparidae","Chrysophrys","auratus","2014-12_Geographe.Bay_stereoBRUVs",-33.4839333,115.45155,20141213,08:00:00,"Geographe.Bay","Fished","NA",13.6,"Lauren","Yes","Yes","NA","2014-12_Geographe.Bay_stereoBRUVs.13RC3"
"13RC4","Sparidae Chrysophrys auratus",0,"Sparidae","Chrysophrys","auratus","2014-12_Geographe.Bay_stereoBRUVs",-33.4993833,115.3964667,20141213,08:30:00,"Geographe.Bay","Fished","NA",19.5,"Lizzy","Yes","Yes","NA","2014-12_Geographe.Bay_stereoBRUVs.13RC4"
"13RC5","Sparidae Chrysophrys auratus",0,"Sparidae","Chrysophrys","auratus","2014-12_Geographe.Bay_stereoBRUVs",-33.4839333,115.4656167,20141213,10:05:00,"Geographe.Bay","Fished","NA",26.8,"Lizzy","Yes","Yes","NA","2014-12_Geographe.Bay_stereoBRUVs.13RC5"
"13RC6","Sparidae Chrysophrys auratus",1,"Sparidae","Chrysophrys","auratus","2014-12_Geographe.Bay_stereoBRUVs",-33.3809667,115.3892333,20141213,13:07:00,"Geographe.Bay","Fished","NA",29.7,"Lauren","Yes","Yes","NA","2014-12_Geographe.Bay_stereoBRUVs.13RC6"
"13RC7","Sparidae Chrysophrys auratus",0,"Sparidae","Chrysophrys","auratus","2014-12_Geographe.Bay_stereoBRUVs",-33.3774333,115.38605,20141213,13:10:00,"Geographe.Bay","Fished","NA",29.5,"Lizzy","Yes","Yes","NA","2014-12_Geographe.Bay_stereoBRUVs.13RC7"
"13RC8","Sparidae Chrysophrys auratus",0,"Sparidae","Chrysophrys","auratus","2014-12_Geographe.Bay_stereoBRUVs",-33.3726,115.3791,20141213,13:14:00,"Geographe.Bay","Fished","NA",30.4,"Lizzy","Yes","Yes","NA","2014-12_Geographe.Bay_stereoBRUVs.13RC8"
"13RC9","Sparidae Chrysophrys auratus",1,"Sparidae","Chrysophrys","auratus","2014-12_Geographe.Bay_stereoBRUVs",-33.3730667,115.3747833,20141213,13:18:00,"Geographe.Bay","Fished","NA",30.9,"Lauren","Yes","Yes","NA","2014-12_Geographe.Bay_stereoBRUVs.13RC9"
"14","Sparidae Chrysophrys auratus",1,"Sparidae","Chrysophrys","auratus","2014-12_Geographe.Bay_stereoBRUVs",-33.5296667,115.4130333,20141213,05:56:00,"Geographe.Bay","Fished","NA",13.2,"Lizzy","Yes","Yes","NA","2014-12_Geographe.Bay_stereoBRUVs.14"
"143","Sparidae Chrysophrys auratus",2,"Sparidae","Chrysophrys","auratus","2014-12_Geographe.Bay_stereoBRUVs",-33.5761667,115.2367,20141215,13:24:00,"Geographe.Bay","Fished","NA",23.2,"Lizzy","Yes","Yes","NA","2014-12_Geographe.Bay_stereoBRUVs.143"
"144","Sparidae Chrysophrys auratus",0,"Sparidae","Chrysophrys","auratus","2014-12_Geographe.Bay_stereoBRUVs",-33.5342333,115.4323167,20141216,15:37:00,"Geographe.Bay","Fished","NA",12.3,"Lauren","Yes","Yes","NA","2014-12_Geographe.Bay_stereoBRUVs.144"
"15","Sparidae Chrysophrys auratus",0,"Sparidae","Chrysophrys","auratus","2014-12_Geographe.Bay_stereoBRUVs",-33.5782333,115.2147833,20141212,06:27:00,"Geographe.Bay","Fished","NA",26.2,"laura","Yes","Yes","NA","2014-12_Geographe.Bay_stereoBRUVs.15"
"151","Sparidae Chrysophrys auratus",0,"Sparidae","Chrysophrys","auratus","2014-12_Geographe.Bay_stereoBRUVs",-33.4768,115.4328833,20141216,09:12:00,"Geographe.Bay","Fished","NA",17.2,"Lizzy","Yes","Yes","NA","2014-12_Geographe.Bay_stereoBRUVs.151"
"154","Sparidae Chrysophrys auratus",0,"Sparidae","Chrysophrys","auratus","2014-12_Geographe.Bay_stereoBRUVs",-33.6033667,115.19675,20141215,10:58:00,"Geographe.Bay","Fished","NA",13.6,"Lauren","Yes","Yes","NA","2014-12_Geographe.Bay_stereoBRUVs.154"
"16","Sparidae Chrysophrys auratus",0,"Sparidae","Chrysophrys","auratus","2014-12_Geographe.Bay_stereoBRUVs",-33.3889,115.4986167,20141211,12:21:00,"Geographe.Bay","Fished","NA",20,"Lauren","Yes","Yes","NA","2014-12_Geographe.Bay_stereoBRUVs.16"
"160","Sparidae Chrysophrys auratus",0,"Sparidae","Chrysophrys","auratus","2014-12_Geographe.Bay_stereoBRUVs",-33.6033667,115.2477833,20141216,15:24:00,"Geographe.Bay","Fished","NA",13.8,"Lauren","Yes","Yes","NA","2014-12_Geographe.Bay_stereoBRUVs.160"
"167","Sparidae Chrysophrys auratus",1,"Sparidae","Chrysophrys","auratus","2014-12_Geographe.Bay_stereoBRUVs",-33.4627333,115.4805667,20141216,09:25:00,"Geographe.Bay","Fished","NA",14.4,"Laura","Yes","Yes","NA","2014-12_Geographe.Bay_stereoBRUVs.167"
"17","Sparidae Chrysophrys auratus",2,"Sparidae","Chrysophrys","auratus","2014-12_Geographe.Bay_stereoBRUVs",-33.3635833,115.23265,20141210,13:27:00,"Geographe.Bay","Fished","NA",38.8,"Laura","Yes","Yes","NA","2014-12_Geographe.Bay_stereoBRUVs.17"
"170","Sparidae Chrysophrys auratus",0,"Sparidae","Chrysophrys","auratus","2014-12_Geographe.Bay_stereoBRUVs",-33.54165,115.3698333,20141216,13:39:00,"Geographe.Bay","Fished","NA",15.8,"Lizzy","Yes","Yes","NA","2014-12_Geographe.Bay_stereoBRUVs.170"
"175","Sparidae Chrysophrys auratus",0,"Sparidae","Chrysophrys","auratus","2014-12_Geographe.Bay_stereoBRUVs",-33.5518167,115.12275,20141215,06:34:00,"Geographe.Bay","Fished","NA",28.5,"Lizzy","Yes","Yes","NA","2014-12_Geographe.Bay_stereoBRUVs.175"
"176","Sparidae Chrysophrys auratus",0,"Sparidae","Chrysophrys","auratus","2014-12_Geographe.Bay_stereoBRUVs",-33.59,115.1290667,20141215,06:59:00,"Geographe.Bay","Fished","NA",15.4,"Lizzy","Yes","Yes","NA","2014-12_Geographe.Bay_stereoBRUVs.176"
"18","Sparidae Chrysophrys auratus",0,"Sparidae","Chrysophrys","auratus","2014-12_Geographe.Bay_stereoBRUVs",-33.3926,115.0981333,20141210,07:44:00,"Geographe.Bay","Fished","NA",42.4,"Lizzy","Yes","Yes","NA","2014-12_Geographe.Bay_stereoBRUVs.18"
"183","Sparidae Chrysophrys auratus",0,"Sparidae","Chrysophrys","auratus","2014-12_Geographe.Bay_stereoBRUVs",-33.5687667,115.2488,20141215,13:29:00,"Geographe.Bay","Fished","NA",22.6,"Lizzy","Yes","Yes","NA","2014-12_Geographe.Bay_stereoBRUVs.183"
"19","Sparidae Chrysophrys auratus",7,"Sparidae","Chrysophrys","auratus","2014-12_Geographe.Bay_stereoBRUVs",-33.4605,115.3618,20141213,10:33:00,"Geographe.Bay","Fished","NA",26,"Lauren","Yes","Yes","NA","2014-12_Geographe.Bay_stereoBRUVs.19"
"192","Sparidae Chrysophrys auratus",0,"Sparidae","Chrysophrys","auratus","2014-12_Geographe.Bay_stereoBRUVs",-33.4273167,115.5755833,20141214,11:19:00,"Geographe.Bay","Fished","NA",4.9,"Lizzy","Yes","Yes","NA","2014-12_Geographe.Bay_stereoBRUVs.192"
"196","Sparidae Chrysophrys auratus",0,"Sparidae","Chrysophrys","auratus","2014-12_Geographe.Bay_stereoBRUVs",-33.5098167,115.4045,20141216,12:49:00,"Geographe.Bay","Fished","NA",15.9,"Lauren","Yes","Yes","NA","2014-12_Geographe.Bay_stereoBRUVs.196"
"199","Sparidae Chrysophrys auratus",2,"Sparidae","Chrysophrys","auratus","2014-12_Geographe.Bay_stereoBRUVs",-33.5975167,115.2108833,20141215,10:53:00,"Geographe.Bay","Fished","NA",15.2,"Lizzy","Yes","Yes","NA","2014-12_Geographe.Bay_stereoBRUVs.199"
"2","Sparidae Chrysophrys auratus",0,"Sparidae","Chrysophrys","auratus","2014-12_Geographe.Bay_stereoBRUVs",-33.4405333,115.10095,20141210,06:29:00,"Geographe.Bay","Fished","NA",40.5,"Lizzy","Yes","Yes","NA","2014-12_Geographe.Bay_stereoBRUVs.2"
"20","Sparidae Chrysophrys auratus",4,"Sparidae","Chrysophrys","auratus","2014-12_Geographe.Bay_stereoBRUVs",-33.4338667,115.2221167,20141210,11:09:00,"Geographe.Bay","Fished","NA",36,"Laura","Yes","Yes","NA","2014-12_Geographe.Bay_stereoBRUVs.20"
"202","Sparidae Chrysophrys auratus",0,"Sparidae","Chrysophrys","auratus","2014-12_Geographe.Bay_stereoBRUVs",-33.5779333,115.4117167,20141217,06:04:00,"Geographe.Bay","Fished","NA",9.8,"Lauren","Yes","Yes","NA","2014-12_Geographe.Bay_stereoBRUVs.202"
"207","Sparidae Chrysophrys auratus",0,"Sparidae","Chrysophrys","auratus","2014-12_Geographe.Bay_stereoBRUVs",-33.5738333,115.23165,20141212,08:06:00,"Geographe.Bay","Fished","NA",23.3,"Lizzy","Yes","Yes","NA","2014-12_Geographe.Bay_stereoBRUVs.207"
"208","Sparidae Chrysophrys auratus",0,"Sparidae","Chrysophrys","auratus","2014-12_Geographe.Bay_stereoBRUVs",-33.3873,115.5742333,20141214,11:03:00,"Geographe.Bay","Fished","NA",7.2,"Lizzy","Yes","Yes","NA","2014-12_Geographe.Bay_stereoBRUVs.208"
"21","Sparidae Chrysophrys auratus",1,"Sparidae","Chrysophrys","auratus","2014-12_Geographe.Bay_stereoBRUVs",-33.3857167,115.39765,20141214,06:54:00,"Geographe.Bay","Fished","NA",15.7,"Lauren","Yes","Yes","NA","2014-12_Geographe.Bay_stereoBRUVs.21"
"215","Sparidae Chrysophrys auratus",2,"Sparidae","Chrysophrys","auratus","2014-12_Geographe.Bay_stereoBRUVs",-33.6065667,115.2241167,20141215,10:45:00,"Geographe.Bay","Fished","NA",14.1,"Lizzy","Yes","Yes","NA","2014-12_Geographe.Bay_stereoBRUVs.215"
"218","Sparidae Chrysophrys auratus",0,"Sparidae","Chrysophrys","auratus","2014-12_Geographe.Bay_stereoBRUVs",-33.5954833,115.3030667,20141217,09:46:00,"Geographe.Bay","Fished","NA",14.7,"Laura","Yes","Yes","NA","2014-12_Geographe.Bay_stereoBRUVs.218"
"22","Sparidae Chrysophrys auratus",2,"Sparidae","Chrysophrys","auratus","2014-12_Geographe.Bay_stereoBRUVs",-33.57455,115.1806667,20141209,07:10:00,"Geographe.Bay","Fished","NA",22.6,"Lizzy","Yes","Yes","NA","2014-12_Geographe.Bay_stereoBRUVs.22"
"224","Sparidae Chrysophrys auratus",0,"Sparidae","Chrysophrys","auratus","2014-12_Geographe.Bay_stereoBRUVs",-33.4189,115.5035833,20141216,06:59:00,"Geographe.Bay","Fished","NA",16.5,"Lauren","Yes","Yes","NA","2014-12_Geographe.Bay_stereoBRUVs.224"
"23","Sparidae Chrysophrys auratus",0,"Sparidae","Chrysophrys","auratus","2014-12_Geographe.Bay_stereoBRUVs",-33.5041833,115.4289333,20141216,11:29:00,"Geographe.Bay","Fished","NA",13.6,"Lauren","Yes","Yes","NA","2014-12_Geographe.Bay_stereoBRUVs.23"
"234","Sparidae Chrysophrys auratus",0,"Sparidae","Chrysophrys","auratus","2014-12_Geographe.Bay_stereoBRUVs",-33.6031667,115.3602167,20141217,10:03:00,"Geographe.Bay","Fished","NA",9.3,"Laura","Yes","Yes","NA","2014-12_Geographe.Bay_stereoBRUVs.234"
"236","Sparidae Chrysophrys auratus",0,"Sparidae","Chrysophrys","auratus","2014-12_Geographe.Bay_stereoBRUVs",-33.4949167,115.4766833,20141216,10:45:00,"Geographe.Bay","Fished","NA",13.1,"Lauren","Yes","Yes","NA","2014-12_Geographe.Bay_stereoBRUVs.236"
"24","Sparidae Chrysophrys auratus",0,"Sparidae","Chrysophrys","auratus","2014-12_Geographe.Bay_stereoBRUVs",-33.47115,115.2861667,20141209,06:05:00,"Geographe.Bay","Fished","NA",29.2,"Lizzy","Yes","Yes","NA","2014-12_Geographe.Bay_stereoBRUVs.24"
"240","Sparidae Chrysophrys auratus",0,"Sparidae","Chrysophrys","auratus","2014-12_Geographe.Bay_stereoBRUVs",-33.4387833,115.4684667,20141216,08:56:00,"Geographe.Bay","Fished","NA",18.9,"Lizzy","Yes","Yes","NA","2014-12_Geographe.Bay_stereoBRUVs.240"
"247","Sparidae Chrysophrys auratus",0,"Sparidae","Chrysophrys","auratus","2014-12_Geographe.Bay_stereoBRUVs",-33.5561,115.1345167,20141215,06:30:00,"Geographe.Bay","Fished","NA",26.4,"Lizzy","Yes","Yes","NA","2014-12_Geographe.Bay_stereoBRUVs.247"
"25","Sparidae Chrysophrys auratus",0,"Sparidae","Chrysophrys","auratus","2014-12_Geographe.Bay_stereoBRUVs",-33.3833333,115.0827833,20141210,07:10:00,"Geographe.Bay","Fished","NA",42.5,"Lauren","Yes","Yes","NA","2014-12_Geographe.Bay_stereoBRUVs.25"
"250","Sparidae Chrysophrys auratus",0,"Sparidae","Chrysophrys","auratus","2014-12_Geographe.Bay_stereoBRUVs",-33.5628167,115.4223667,20141216,15:17:00,"Geographe.Bay","Fished","NA",10,"Laura","Yes","Yes","NA","2014-12_Geographe.Bay_stereoBRUVs.250"
"256","Sparidae Chrysophrys auratus",2,"Sparidae","Chrysophrys","auratus","2014-12_Geographe.Bay_stereoBRUVs",-33.4083167,115.4774833,20141214,13:12:00,"Geographe.Bay","Fished","NA",11.1,"Lizzy","Yes","Yes","NA","2014-12_Geographe.Bay_stereoBRUVs.256"
"26","Sparidae Chrysophrys auratus",0,"Sparidae","Chrysophrys","auratus","2014-12_Geographe.Bay_stereoBRUVs",-33.5500333,115.3236167,20141212,11:02:00,"Geographe.Bay","Fished","NA",20.5,"Laura","Yes","Yes","NA","2014-12_Geographe.Bay_stereoBRUVs.26"
"267","Sparidae Chrysophrys auratus",2,"Sparidae","Chrysophrys","auratus","2014-12_Geographe.Bay_stereoBRUVs",-33.5707,115.1362,20141215,06:22:00,"Geographe.Bay","Fished","NA",23.2,"Lizzy","Yes","Yes","NA","2014-12_Geographe.Bay_stereoBRUVs.267"
"27","Sparidae Chrysophrys auratus",0,"Sparidae","Chrysophrys","auratus","2014-12_Geographe.Bay_stereoBRUVs",-33.5463667,115.1883833,20141209,07:00:00,"Geographe.Bay","Fished","NA",28.2,"Lauren","Yes","Yes","NA","2014-12_Geographe.Bay_stereoBRUVs.27"
"270","Sparidae Chrysophrys auratus",0,"Sparidae","Chrysophrys","auratus","2014-12_Geographe.Bay_stereoBRUVs",-33.52045,115.4206,20141213,06:00:00,"Geographe.Bay","Fished","NA",13.7,"Laura","Yes","Yes","NA","2014-12_Geographe.Bay_stereoBRUVs.270"
"271","Sparidae Chrysophrys auratus",1,"Sparidae","Chrysophrys","auratus","2014-12_Geographe.Bay_stereoBRUVs",-33.5937,115.2133167,20141212,06:06:00,"Geographe.Bay","Fished","NA",27.3,"Laura","Yes","Yes","NA","2014-12_Geographe.Bay_stereoBRUVs.271"
"272","Sparidae Chrysophrys auratus",0,"Sparidae","Chrysophrys","auratus","2014-12_Geographe.Bay_stereoBRUVs",-33.3815,115.4879333,20141214,08:37:00,"Geographe.Bay","Fished","NA",11.7,"Lizzy","Yes","Yes","NA","2014-12_Geographe.Bay_stereoBRUVs.272"
"279","Sparidae Chrysophrys auratus",2,"Sparidae","Chrysophrys","auratus","2014-12_Geographe.Bay_stereoBRUVs",-33.5011833,115.4379167,20141216,11:32:00,"Geographe.Bay","Fished","NA",14.2,"Lizzy","Yes","Yes","NA","2014-12_Geographe.Bay_stereoBRUVs.279"
"28","Sparidae Chrysophrys auratus",0,"Sparidae","Chrysophrys","auratus","2014-12_Geographe.Bay_stereoBRUVs",-33.42715,115.2872833,20141211,07:07:00,"Geographe.Bay","Fished","NA",34,"Lizzy","Yes","Yes","NA","2014-12_Geographe.Bay_stereoBRUVs.28"
"282","Sparidae Chrysophrys auratus",0,"Sparidae","Chrysophrys","auratus","2014-12_Geographe.Bay_stereoBRUVs",-33.5571833,115.3322333,20141217,08:02:00,"Geographe.Bay","Fished","NA",18.2,"Laura","Yes","Yes","NA","2014-12_Geographe.Bay_stereoBRUVs.282"
"287","Sparidae Chrysophrys auratus",1,"Sparidae","Chrysophrys","auratus","2014-12_Geographe.Bay_stereoBRUVs",-33.5940333,115.2189,20141215,10:50:00,"Geographe.Bay","Fished","NA",16.4,"Lizzy","Yes","Yes","NA","2014-12_Geographe.Bay_stereoBRUVs.287"
"288","Sparidae Chrysophrys auratus",0,"Sparidae","Chrysophrys","auratus","2014-12_Geographe.Bay_stereoBRUVs",-33.4709833,115.4775833,20141216,09:29:00,"Geographe.Bay","Fished","NA",14.3,"Laura","Yes","Yes","NA","2014-12_Geographe.Bay_stereoBRUVs.288"
"29","Sparidae Chrysophrys auratus",2,"Sparidae","Chrysophrys","auratus","2014-12_Geographe.Bay_stereoBRUVs",-33.4869667,115.1764,20141209,10:30:00,"Geographe.Bay","Fished","NA",34.3,"Lauren","Yes","Yes","NA","2014-12_Geographe.Bay_stereoBRUVs.29"
"295","Sparidae Chrysophrys auratus",0,"Sparidae","Chrysophrys","auratus","2014-12_Geographe.Bay_stereoBRUVs",-33.5555333,115.46605,20141216,15:50:00,"Geographe.Bay","Fished","NA",2.5,"Lauren","Yes","Yes","NA","2014-12_Geographe.Bay_stereoBRUVs.295"
"298","Sparidae Chrysophrys auratus",4,"Sparidae","Chrysophrys","auratus","2014-12_Geographe.Bay_stereoBRUVs",-33.5825167,115.1301333,20141215,06:56:00,"Geographe.Bay","Fished","NA",18.1,"Lauren","Yes","Yes","NA","2014-12_Geographe.Bay_stereoBRUVs.298"
"3","Sparidae Chrysophrys auratus",0,"Sparidae","Chrysophrys","auratus","2014-12_Geographe.Bay_stereoBRUVs",-33.4920833,115.3549,20141213,08:41:00,"Geographe.Bay","Fished","NA",24.8,"Lizzy","Yes","Yes","NA","2014-12_Geographe.Bay_stereoBRUVs.3"
"30","Sparidae Chrysophrys auratus",0,"Sparidae","Chrysophrys","auratus","2014-12_Geographe.Bay_stereoBRUVs",-33.42405,115.33405,20141211,06:37:00,"Geographe.Bay","Fished","NA",31.8,"Lizzy","Yes","Yes","NA","2014-12_Geographe.Bay_stereoBRUVs.30"
"304","Sparidae Chrysophrys auratus",1,"Sparidae","Chrysophrys","auratus","2014-12_Geographe.Bay_stereoBRUVs",-33.5958333,115.1453667,20141215,10:17:00,"Geographe.Bay","Fished","NA",13.7,"Lizzy","Yes","Yes","NA","2014-12_Geographe.Bay_stereoBRUVs.304"
"31","Sparidae Chrysophrys auratus",0,"Sparidae","Chrysophrys","auratus","2014-12_Geographe.Bay_stereoBRUVs",-33.5986333,115.2369167,20141212,05:55:00,"Geographe.Bay","Fished","NA",26.3,"laura","Yes","Yes","NA","2014-12_Geographe.Bay_stereoBRUVs.31"
"314","Sparidae Chrysophrys auratus",4,"Sparidae","Chrysophrys","auratus","2014-12_Geographe.Bay_stereoBRUVs",-33.5869,115.1628333,20141215,09:03:00,"Geographe.Bay","Fished","NA",20,"Lizzy","Yes","Yes","NA","2014-12_Geographe.Bay_stereoBRUVs.314"
"316","Sparidae Chrysophrys auratus",0,"Sparidae","Chrysophrys","auratus","2014-12_Geographe.Bay_stereoBRUVs",-33.3839667,115.5281667,20141214,10:49:00,"Geographe.Bay","Fished","NA",9.3,"Lauren","Yes","Yes","NA","2014-12_Geographe.Bay_stereoBRUVs.316"
"32","Sparidae Chrysophrys auratus",0,"Sparidae","Chrysophrys","auratus","2014-12_Geographe.Bay_stereoBRUVs",-33.4807833,115.46205,20141213,07:53:00,"Geographe.Bay","Fished","NA",14.1,"Laura","Yes","Yes","NA","2014-12_Geographe.Bay_stereoBRUVs.32"
"320","Sparidae Chrysophrys auratus",0,"Sparidae","Chrysophrys","auratus","2014-12_Geographe.Bay_stereoBRUVs",-33.4417833,115.49575,20141216,08:49:00,"Geographe.Bay","Fished","NA",15.1,"Lauren","Yes","Yes","NA","2014-12_Geographe.Bay_stereoBRUVs.320"
"327","Sparidae Chrysophrys auratus",0,"Sparidae","Chrysophrys","auratus","2014-12_Geographe.Bay_stereoBRUVs",-33.4892333,115.3942,20141214,14:10:00,"Geographe.Bay","Fished","NA",11.8,"Damon","Yes","Yes","NA","2014-12_Geographe.Bay_stereoBRUVs.327"
"33","Sparidae Chrysophrys auratus",0,"Sparidae","Chrysophrys","auratus","2014-12_Geographe.Bay_stereoBRUVs",-33.3527667,115.3204833,20141211,08:54:00,"Geographe.Bay","Fished","NA",34.1,"Lauren","Yes","Yes","NA","2014-12_Geographe.Bay_stereoBRUVs.33"
"330","Sparidae Chrysophrys auratus",0,"Sparidae","Chrysophrys","auratus","2014-12_Geographe.Bay_stereoBRUVs",-33.5691167,115.104,20141215,06:44:00,"Geographe.Bay","Fished","NA",17.7,"Damon","Yes","Yes","NA","2014-12_Geographe.Bay_stereoBRUVs.330"
"331","Sparidae Chrysophrys auratus",8,"Sparidae","Chrysophrys","auratus","2014-12_Geographe.Bay_stereoBRUVs",-33.6030833,115.2530333,20141215,13:46:00,"Geographe.Bay","Fished","NA",14.3,"Lizzy","Yes","Yes","NA","2014-12_Geographe.Bay_stereoBRUVs.331"
"335","Sparidae Chrysophrys auratus",0,"Sparidae","Chrysophrys","auratus","2014-12_Geographe.Bay_stereoBRUVs",-33.5771167,115.2266667,20141212,08:09:00,"Geographe.Bay","Fished","NA",21.6,"Lauren","Yes","Yes","NA","2014-12_Geographe.Bay_stereoBRUVs.335"
"34","Sparidae Chrysophrys auratus",0,"Sparidae","Chrysophrys","auratus","2014-12_Geographe.Bay_stereoBRUVs",-33.3845167,115.0739,20141210,07:05:00,"Geographe.Bay","Fished","NA",43,"Lizzy","Yes","Yes","NA","2014-12_Geographe.Bay_stereoBRUVs.34"
"346","Sparidae Chrysophrys auratus",0,"Sparidae","Chrysophrys","auratus","2014-12_Geographe.Bay_stereoBRUVs",-33.6092,115.2392833,20141215,13:08:00,"Geographe.Bay","Fished","NA",14,"Lizzy","Yes","Yes","NA","2014-12_Geographe.Bay_stereoBRUVs.346"
"35","Sparidae Chrysophrys auratus",1,"Sparidae","Chrysophrys","auratus","2014-12_Geographe.Bay_stereoBRUVs",-33.4055,115.4157167,20141213,11:14:00,"Geographe.Bay","Fished","NA",27.9,"Lizzy","Yes","Yes","NA","2014-12_Geographe.Bay_stereoBRUVs.35"
"352","Sparidae Chrysophrys auratus",0,"Sparidae","Chrysophrys","auratus","2014-12_Geographe.Bay_stereoBRUVs",-33.4517667,115.4879833,20141216,08:45:00,"Geographe.Bay","Fished","NA",15.2,"Lizzy","Yes","Yes","NA","2014-12_Geographe.Bay_stereoBRUVs.352"
"36","Sparidae Chrysophrys auratus",0,"Sparidae","Chrysophrys","auratus","2014-12_Geographe.Bay_stereoBRUVs",-33.4269,115.20765,20141210,11:17:00,"Geographe.Bay","Fished","NA",38.2,"Laura","Yes","Yes","NA","2014-12_Geographe.Bay_stereoBRUVs.36"
"362","Sparidae Chrysophrys auratus",0,"Sparidae","Chrysophrys","auratus","2014-12_Geographe.Bay_stereoBRUVs",-33.627,115.2948,20141217,10:23:00,"Geographe.Bay","Fished","NA",9.4,"Laura","Yes","Yes","NA","2014-12_Geographe.Bay_stereoBRUVs.362"
"368","Sparidae Chrysophrys auratus",0,"Sparidae","Chrysophrys","auratus","2014-12_Geographe.Bay_stereoBRUVs",-33.5725167,115.45125,20141216,15:59:00,"Geographe.Bay","Fished","NA",3.7,"Laura","Yes","Yes","NA","2014-12_Geographe.Bay_stereoBRUVs.368"
"37","Sparidae Chrysophrys auratus",0,"Sparidae","Chrysophrys","auratus","2014-12_Geographe.Bay_stereoBRUVs",-33.3585,115.3721,20141211,09:11:00,"Geographe.Bay","Fished","NA",30.3,"Lizzy","Yes","Yes","NA","2014-12_Geographe.Bay_stereoBRUVs.37"
"375","Sparidae Chrysophrys auratus",0,"Sparidae","Chrysophrys","auratus","2014-12_Geographe.Bay_stereoBRUVs",-33.5902167,115.2205667,20141212,06:14:00,"Geographe.Bay","Fished","NA",26.9,"Laura","Yes","Yes","NA","2014-12_Geographe.Bay_stereoBRUVs.375"
"378","Sparidae Chrysophrys auratus",0,"Sparidae","Chrysophrys","auratus","2014-12_Geographe.Bay_stereoBRUVs",-33.5555833,115.3912,20141212,13:08:00,"Geographe.Bay","Fished","NA",13.3,"Lauren","Yes","Yes","NA","2014-12_Geographe.Bay_stereoBRUVs.378"
"38","Sparidae Chrysophrys auratus",0,"Sparidae","Chrysophrys","auratus","2014-12_Geographe.Bay_stereoBRUVs",-33.5036833,115.1274333,20141209,12:45:00,"Geographe.Bay","Fished","NA",34.5,"Lizzy","Yes","Yes","NA","2014-12_Geographe.Bay_stereoBRUVs.38"
"384","Sparidae Chrysophrys auratus",0,"Sparidae","Chrysophrys","auratus","2014-12_Geographe.Bay_stereoBRUVs",-33.4274667,115.51415,20141216,06:54:00,"Geographe.Bay","Fished","NA",13.5,"Lauren","Yes","Yes","NA","2014-12_Geographe.Bay_stereoBRUVs.384"
"39","Sparidae Chrysophrys auratus",1,"Sparidae","Chrysophrys","auratus","2014-12_Geographe.Bay_stereoBRUVs",-33.465,115.43285,20141211,13:20:00,"Geographe.Bay","Fished","NA",19.8,"Lizzy","Yes","Yes","NA","2014-12_Geographe.Bay_stereoBRUVs.39"
"391","Sparidae Chrysophrys auratus",0,"Sparidae","Chrysophrys","auratus","2014-12_Geographe.Bay_stereoBRUVs",-33.50165,115.4101333,20141213,08:23:00,"Geographe.Bay","Fished","NA",17,"Lizzy","Yes","Yes","NA","2014-12_Geographe.Bay_stereoBRUVs.391"
"394","Sparidae Chrysophrys auratus",0,"Sparidae","Chrysophrys","auratus","2014-12_Geographe.Bay_stereoBRUVs",-33.5181,115.3820167,20141216,13:18:00,"Geographe.Bay","Fished","NA",19,"Lizzy","Yes","Yes","NA","2014-12_Geographe.Bay_stereoBRUVs.394"
"395","Sparidae Chrysophrys auratus",0,"Sparidae","Chrysophrys","auratus","2014-12_Geographe.Bay_stereoBRUVs",-33.6072833,115.3444333,20141217,10:08:00,"Geographe.Bay","Fished","NA",9.2,"Laura","Yes","Yes","NA","2014-12_Geographe.Bay_stereoBRUVs.395"
"399","Sparidae Chrysophrys auratus",0,"Sparidae","Chrysophrys","auratus","2014-12_Geographe.Bay_stereoBRUVs",-33.6143333,115.31295,20141217,10:17:00,"Geographe.Bay","Fished","NA",10.8,"Laura","Yes","Yes","NA","2014-12_Geographe.Bay_stereoBRUVs.399"
"4","Sparidae Chrysophrys auratus",0,"Sparidae","Chrysophrys","auratus","2014-12_Geographe.Bay_stereoBRUVs",-33.3921,115.2280833,20141210,14:13:00,"Geographe.Bay","Fished","NA",38.4,"Lizzy","Yes","Yes","NA","2014-12_Geographe.Bay_stereoBRUVs.4"
"40","Sparidae Chrysophrys auratus",0,"Sparidae","Chrysophrys","auratus","2014-12_Geographe.Bay_stereoBRUVs",-33.4719667,115.2287167,20141209,09:57:00,"Geographe.Bay","Fished","NA",33.7,"Lauren","Yes","Yes","NA","2014-12_Geographe.Bay_stereoBRUVs.40"
"400","Sparidae Chrysophrys auratus",0,"Sparidae","Chrysophrys","auratus","2014-12_Geographe.Bay_stereoBRUVs",-33.3575833,115.5516833,20141214,08:58:00,"Geographe.Bay","Fished","NA",9.8,"Damon","Yes","Yes","NA","2014-12_Geographe.Bay_stereoBRUVs.400"
"407","Sparidae Chrysophrys auratus",1,"Sparidae","Chrysophrys","auratus","2014-12_Geographe.Bay_stereoBRUVs",-33.4881667,115.4274667,20141213,08:13:00,"Geographe.Bay","Fished","NA",16.2,"Lauren","Yes","Yes","NA","2014-12_Geographe.Bay_stereoBRUVs.407"
"41","Sparidae Chrysophrys auratus",0,"Sparidae","Chrysophrys","auratus","2014-12_Geographe.Bay_stereoBRUVs",-33.36785,115.0985833,20141210,07:35:00,"Geographe.Bay","Fished","NA",42.5,"Laura","Yes","Yes","NA","2014-12_Geographe.Bay_stereoBRUVs.41"
"416","Sparidae Chrysophrys auratus",0,"Sparidae","Chrysophrys","auratus","2014-12_Geographe.Bay_stereoBRUVs",-33.6147833,115.2806167,20141217,10:34:00,"Geographe.Bay","Fished","NA",12.3,"Laura","Yes","Yes","NA","2014-12_Geographe.Bay_stereoBRUVs.416"
"42","Sparidae Chrysophrys auratus",0,"Sparidae","Chrysophrys","auratus","2014-12_Geographe.Bay_stereoBRUVs",-33.5425167,115.3862333,20141212,13:13:00,"Geographe.Bay","Fished","NA",13,"laura","Yes","Yes","NA","2014-12_Geographe.Bay_stereoBRUVs.42"
"428","Sparidae Chrysophrys auratus",0,"Sparidae","Chrysophrys","auratus","2014-12_Geographe.Bay_stereoBRUVs",-33.45045,115.5572167,20141216,06:31:00,"Geographe.Bay","Fished","NA",7.6,"Lauren","Yes","Yes","NA","2014-12_Geographe.Bay_stereoBRUVs.428"
"432","Sparidae Chrysophrys auratus",0,"Sparidae","Chrysophrys","auratus","2014-12_Geographe.Bay_stereoBRUVs",-33.4270333,115.4686,20141214,13:19:00,"Geographe.Bay","Fished","NA",10.7,"Lauren","Yes","Yes","NA","2014-12_Geographe.Bay_stereoBRUVs.432"
"439","Sparidae Chrysophrys auratus",0,"Sparidae","Chrysophrys","auratus","2014-12_Geographe.Bay_stereoBRUVs",-33.6309333,115.2730667,20141217,10:29:00,"Geographe.Bay","Fished","NA",8.4,"Laura","Yes","Yes","NA","2014-12_Geographe.Bay_stereoBRUVs.439"
"44","Sparidae Chrysophrys auratus",7,"Sparidae","Chrysophrys","auratus","2014-12_Geographe.Bay_stereoBRUVs",-33.3984333,115.30965,20141211,06:54:00,"Geographe.Bay","Fished","NA",34.4,"Lauren","Yes","Yes","NA","2014-12_Geographe.Bay_stereoBRUVs.44"
"442","Sparidae Chrysophrys auratus",0,"Sparidae","Chrysophrys","auratus","2014-12_Geographe.Bay_stereoBRUVs",-33.5066,115.41935,20141212,13:28:00,"Geographe.Bay","Fished","NA",14.3,"Lizzy","Yes","Yes","NA","2014-12_Geographe.Bay_stereoBRUVs.442"
"443","Sparidae Chrysophrys auratus",1,"Sparidae","Chrysophrys","auratus","2014-12_Geographe.Bay_stereoBRUVs",-33.5698,115.2024833,20141212,06:34:00,"Geographe.Bay","Fished","NA",27,"Laura","Yes","Yes","NA","2014-12_Geographe.Bay_stereoBRUVs.443"
"448","Sparidae Chrysophrys auratus",0,"Sparidae","Chrysophrys","auratus","2014-12_Geographe.Bay_stereoBRUVs",-33.3965,115.4930667,20141214,13:05:00,"Geographe.Bay","Fished","NA",10.6,"Lizzy","Yes","Yes","NA","2014-12_Geographe.Bay_stereoBRUVs.448"
"45","Sparidae Chrysophrys auratus",0,"Sparidae","Chrysophrys","auratus","2014-12_Geographe.Bay_stereoBRUVs",-33.4445667,115.13165,20141209,13:28:00,"Geographe.Bay","Fished","NA",41.1,"Lauren","Yes","Yes","NA","2014-12_Geographe.Bay_stereoBRUVs.45"
"451","Sparidae Chrysophrys auratus",0,"Sparidae","Chrysophrys","auratus","2014-12_Geographe.Bay_stereoBRUVs",-33.41975,115.5529,20141214,11:32:00,"Geographe.Bay","Fished","NA",7.8,"Lauren","Yes","Yes","NA","2014-12_Geographe.Bay_stereoBRUVs.451"
"455","Sparidae Chrysophrys auratus",5,"Sparidae","Chrysophrys","auratus","2014-12_Geographe.Bay_stereoBRUVs",-33.5671333,115.1820333,20141215,08:42:00,"Geographe.Bay","Fished","NA",24.9,"Lizzy","Yes","Yes","NA","2014-12_Geographe.Bay_stereoBRUVs.455"
"458","Sparidae Chrysophrys auratus",0,"Sparidae","Chrysophrys","auratus","2014-12_Geographe.Bay_stereoBRUVs",-33.51505,115.50435,20141216,10:58:00,"Geographe.Bay","Fished","NA",6.2,"Lizzy","Yes","Yes","NA","2014-12_Geographe.Bay_stereoBRUVs.458"
"46","Sparidae Chrysophrys auratus",0,"Sparidae","Chrysophrys","auratus","2014-12_Geographe.Bay_stereoBRUVs",-33.4028,115.3493,20141214,06:35:00,"Geographe.Bay","Fished","NA",18,"Lauren","Yes","Yes","NA","2014-12_Geographe.Bay_stereoBRUVs.46"
"463","Sparidae Chrysophrys auratus",1,"Sparidae","Chrysophrys","auratus","2014-12_Geographe.Bay_stereoBRUVs",-33.51505,115.50435,20141212,08:03:00,"Geographe.Bay","Fished","NA",24.3,"Lizzy","Yes","Yes","NA","2014-12_Geographe.Bay_stereoBRUVs.463"
"47","Sparidae Chrysophrys auratus",0,"Sparidae","Chrysophrys","auratus","2014-12_Geographe.Bay_stereoBRUVs",-33.5485,115.2877667,20141212,10:29:00,"Geographe.Bay","Fished","NA",24.3,"Lauren","Yes","Yes","NA","2014-12_Geographe.Bay_stereoBRUVs.47"
"474","Sparidae Chrysophrys auratus",0,"Sparidae","Chrysophrys","auratus","2014-12_Geographe.Bay_stereoBRUVs",-33.4681167,115.5436,20141216,06:23:00,"Geographe.Bay","Fished","NA",6.8,"Laura","Yes","Yes","NA","2014-12_Geographe.Bay_stereoBRUVs.474"
"48","Sparidae Chrysophrys auratus",0,"Sparidae","Chrysophrys","auratus","2014-12_Geographe.Bay_stereoBRUVs",-33.40275,115.5133833,20141211,12:31:00,"Geographe.Bay","Fished","NA",17.2,"Lizzy","Yes","Yes","NA","2014-12_Geographe.Bay_stereoBRUVs.48"
"480","Sparidae Chrysophrys auratus",0,"Sparidae","Chrysophrys","auratus","2014-12_Geographe.Bay_stereoBRUVs",-33.3475833,115.5777,20141214,09:06:00,"Geographe.Bay","Fished","NA",7.4,"Laura","Yes","Yes","NA","2014-12_Geographe.Bay_stereoBRUVs.480"
"49","Sparidae Chrysophrys auratus",0,"Sparidae","Chrysophrys","auratus","2014-12_Geographe.Bay_stereoBRUVs",-33.3809167,115.2720667,20141210,13:51:00,"Geographe.Bay","Fished","NA",37.7,"Laura","Yes","Yes","NA","2014-12_Geographe.Bay_stereoBRUVs.49"
"490","Sparidae Chrysophrys auratus",0,"Sparidae","Chrysophrys","auratus","2014-12_Geographe.Bay_stereoBRUVs",-33.5613,115.3612,20141217,06:20:00,"Geographe.Bay","Fished","NA",13.4,"Lizzy","Yes","Yes","NA","2014-12_Geographe.Bay_stereoBRUVs.490"
"492","Sparidae Chrysophrys auratus",0,"Sparidae","Chrysophrys","auratus","2014-12_Geographe.Bay_stereoBRUVs",-33.4637833,115.4974833,20141216,08:40:00,"Geographe.Bay","Fished","NA",14.7,"Laura","Yes","Yes","NA","2014-12_Geographe.Bay_stereoBRUVs.492"
"496","Sparidae Chrysophrys auratus",0,"Sparidae","Chrysophrys","auratus","2014-12_Geographe.Bay_stereoBRUVs",-33.4851167,115.4752333,20141216,10:42:00,"Geographe.Bay","Fished","NA",15.3,"Lauren","Yes","Yes","NA","2014-12_Geographe.Bay_stereoBRUVs.496"
"499","Sparidae Chrysophrys auratus",0,"Sparidae","Chrysophrys","auratus","2014-12_Geographe.Bay_stereoBRUVs",-33.45165,115.5441167,20141216,06:36:00,"Geographe.Bay","Fished","NA",9.9,"Lauren","Yes","Yes","NA","2014-12_Geographe.Bay_stereoBRUVs.499"
"5","Sparidae Chrysophrys auratus",3,"Sparidae","Chrysophrys","auratus","2014-12_Geographe.Bay_stereoBRUVs",-33.3627833,115.45495,20141211,09:43:00,"Geographe.Bay","Fished","NA",25.7,"Lizzy","Yes","Yes","NA","2014-12_Geographe.Bay_stereoBRUVs.5"
"50","Sparidae Chrysophrys auratus",1,"Sparidae","Chrysophrys","auratus","2014-12_Geographe.Bay_stereoBRUVs",-33.4108,115.1742333,20141210,10:29:00,"Geographe.Bay","Fished","NA",40.5,"Lizzy","Yes","Yes","NA","2014-12_Geographe.Bay_stereoBRUVs.50"
"503","Sparidae Chrysophrys auratus",0,"Sparidae","Chrysophrys","auratus","2014-12_Geographe.Bay_stereoBRUVs",-33.5845333,115.3097667,20141217,07:48:00,"Geographe.Bay","Fished","NA",16.3,"Lizzy","Yes","Yes","NA","2014-12_Geographe.Bay_stereoBRUVs.503"
"506","Sparidae Chrysophrys auratus",2,"Sparidae","Chrysophrys","auratus","2014-12_Geographe.Bay_stereoBRUVs",-33.5173833,115.4165,20141216,11:23:00,"Geographe.Bay","Fished","NA",14.1,"Lizzy","Yes","Yes","NA","2014-12_Geographe.Bay_stereoBRUVs.506"
"51","Sparidae Chrysophrys auratus",1,"Sparidae","Chrysophrys","auratus","2014-12_Geographe.Bay_stereoBRUVs",-33.4315667,115.41365,20141213,10:52:00,"Geographe.Bay","Fished","NA",25.4,"Damon","Yes","Yes","NA","2014-12_Geographe.Bay_stereoBRUVs.51"
"512","Sparidae Chrysophrys auratus",0,"Sparidae","Chrysophrys","auratus","2014-12_Geographe.Bay_stereoBRUVs",-33.5094,115.4873333,20141216,11:03:00,"Geographe.Bay","Fished","NA",10.6,"Lizzy","Yes","Yes","NA","2014-12_Geographe.Bay_stereoBRUVs.512"
"52","Sparidae Chrysophrys auratus",0,"Sparidae","Chrysophrys","auratus","2014-12_Geographe.Bay_stereoBRUVs",-33.49265,115.2982,20141209,06:14:00,"Geographe.Bay","Fished","NA",29.7,"Lizzy","Yes","Yes","NA","2014-12_Geographe.Bay_stereoBRUVs.52"
"523","Sparidae Chrysophrys auratus",0,"Sparidae","Chrysophrys","auratus","2014-12_Geographe.Bay_stereoBRUVs",-33.5634333,115.1589167,20141215,08:35:00,"Geographe.Bay","Fished","NA",26,"Laura","Yes","Yes","NA","2014-12_Geographe.Bay_stereoBRUVs.523"
"527","Sparidae Chrysophrys auratus",0,"Sparidae","Chrysophrys","auratus","2014-12_Geographe.Bay_stereoBRUVs",-33.5894167,115.2078167,20141212,06:16:00,"Geographe.Bay","Fished","NA",26.8,"laura","Yes","Yes","NA","2014-12_Geographe.Bay_stereoBRUVs.527"
"528","Sparidae Chrysophrys auratus",0,"Sparidae","Chrysophrys","auratus","2014-12_Geographe.Bay_stereoBRUVs",-33.48105,115.4971,20141216,08:34:00,"Geographe.Bay","Fished","NA",14,"Lauren","Yes","Yes","NA","2014-12_Geographe.Bay_stereoBRUVs.528"
"53","Sparidae Chrysophrys auratus",0,"Sparidae","Chrysophrys","auratus","2014-12_Geographe.Bay_stereoBRUVs",-33.3582167,115.3565167,20141211,09:04:00,"Geographe.Bay","Fished","NA",31.4,"Lizzy","Yes","Yes","NA","2014-12_Geographe.Bay_stereoBRUVs.53"
"538","Sparidae Chrysophrys auratus",0,"Sparidae","Chrysophrys","auratus","2014-12_Geographe.Bay_stereoBRUVs",-33.5839167,115.3846667,20141217,05:53:00,"Geographe.Bay","Fished","NA",11.6,"Laura","Yes","Yes","NA","2014-12_Geographe.Bay_stereoBRUVs.538"
"54","Sparidae Chrysophrys auratus",12,"Sparidae","Chrysophrys","auratus","2014-12_Geographe.Bay_stereoBRUVs",-33.51305,115.1532,20141209,10:47:00,"Geographe.Bay","Fished","NA",33.1,"Lizzy","Yes","Yes","NA","2014-12_Geographe.Bay_stereoBRUVs.54"
"543","Sparidae Chrysophrys auratus",0,"Sparidae","Chrysophrys","auratus","2014-12_Geographe.Bay_stereoBRUVs",-33.5950333,115.2434,20141215,13:13:00,"Geographe.Bay","Fished","NA",16.7,"Lauren","Yes","Yes","NA","2014-12_Geographe.Bay_stereoBRUVs.543"
"544","Sparidae Chrysophrys auratus",0,"Sparidae","Chrysophrys","auratus","2014-12_Geographe.Bay_stereoBRUVs",-33.4464167,115.43405,20141214,13:36:00,"Geographe.Bay","Fished","NA",12.3,"Lauren","Yes","Yes","NA","2014-12_Geographe.Bay_stereoBRUVs.544"
"55","Sparidae Chrysophrys auratus",0,"Sparidae","Chrysophrys","auratus","2014-12_Geographe.Bay_stereoBRUVs",-33.5708667,115.2801167,20141212,09:05:00,"Geographe.Bay","Fished","NA",22.2,"Lizzy","Yes","Yes","NA","2014-12_Geographe.Bay_stereoBRUVs.55"
"551","Sparidae Chrysophrys auratus",0,"Sparidae","Chrysophrys","auratus","2014-12_Geographe.Bay_stereoBRUVs",-33.5735167,115.3901333,20141217,05:58:00,"Geographe.Bay","Fished","NA",11.7,"Lizzy","Yes","Yes","NA","2014-12_Geographe.Bay_stereoBRUVs.551"
"554","Sparidae Chrysophrys auratus",0,"Sparidae","Chrysophrys","auratus","2014-12_Geographe.Bay_stereoBRUVs",-33.55765,115.3835167,20141217,06:13:00,"Geographe.Bay","Fished","NA",12.3,"Laura","Yes","Yes","NA","2014-12_Geographe.Bay_stereoBRUVs.554"
"56","Sparidae Chrysophrys auratus",0,"Sparidae","Chrysophrys","auratus","2014-12_Geographe.Bay_stereoBRUVs",-33.4953,115.2224167,20141209,09:49:00,"Geographe.Bay","Fished","NA",32,"Lizzy","Yes","Yes","NA","2014-12_Geographe.Bay_stereoBRUVs.56"
"560","Sparidae Chrysophrys auratus",0,"Sparidae","Chrysophrys","auratus","2014-12_Geographe.Bay_stereoBRUVs",-33.4381667,115.5268667,20141216,06:49:00,"Geographe.Bay","Fished","NA",14.6,"Lauren","Yes","Yes","NA","2014-12_Geographe.Bay_stereoBRUVs.560"
"567","Sparidae Chrysophrys auratus",8,"Sparidae","Chrysophrys","auratus","2014-12_Geographe.Bay_stereoBRUVs",-33.5866833,115.2760167,20141217,08:23:00,"Geographe.Bay","Fished","NA",17.4,"Lizzy","Yes","Yes","NA","2014-12_Geographe.Bay_stereoBRUVs.567"
"570","Sparidae Chrysophrys auratus",5,"Sparidae","Chrysophrys","auratus","2014-12_Geographe.Bay_stereoBRUVs",-33.5731333,115.1625333,20141215,08:31:00,"Geographe.Bay","Fished","NA",24.6,"Lauren","Yes","Yes","NA","2014-12_Geographe.Bay_stereoBRUVs.570"
"572","Sparidae Chrysophrys auratus",0,"Sparidae","Chrysophrys","auratus","2014-12_Geographe.Bay_stereoBRUVs",-33.3913,115.5492167,20141214,10:54:00,"Geographe.Bay","Fished","NA",8.1,"Lauren","Yes","Yes","NA","2014-12_Geographe.Bay_stereoBRUVs.572"
"579","Sparidae Chrysophrys auratus",0,"Sparidae","Chrysophrys","auratus","2014-12_Geographe.Bay_stereoBRUVs",-33.5017167,115.37405,20141216,13:10:00,"Geographe.Bay","Fished","NA",22,"Laura","Yes","Yes","NA","2014-12_Geographe.Bay_stereoBRUVs.579"
"58","Sparidae Chrysophrys auratus",0,"Sparidae","Chrysophrys","auratus","2014-12_Geographe.Bay_stereoBRUVs",-33.56965,115.3795833,20141212,13:02:00,"Geographe.Bay","Fished","NA",13.5,"Lauren","Yes","Yes","NA","2014-12_Geographe.Bay_stereoBRUVs.58"
"583","Sparidae Chrysophrys auratus",1,"Sparidae","Chrysophrys","auratus","2014-12_Geographe.Bay_stereoBRUVs",-33.47835,115.3932,20141214,13:55:00,"Geographe.Bay","Fished","NA",12,"Damon","Yes","Yes","NA","2014-12_Geographe.Bay_stereoBRUVs.583"
"586","Sparidae Chrysophrys auratus",0,"Sparidae","Chrysophrys","auratus","2014-12_Geographe.Bay_stereoBRUVs",-33.5309167,115.38595,20141216,13:24:00,"Geographe.Bay","Fished","NA",15.8,"Lizzy","Yes","Yes","NA","2014-12_Geographe.Bay_stereoBRUVs.586"
"587","Sparidae Chrysophrys auratus",2,"Sparidae","Chrysophrys","auratus","2014-12_Geographe.Bay_stereoBRUVs",-33.5934667,115.1873833,20141215,11:03:00,"Geographe.Bay","Fished","NA",16.6,"Lizzy","Yes","Yes","NA","2014-12_Geographe.Bay_stereoBRUVs.587"
"592","Sparidae Chrysophrys auratus",0,"Sparidae","Chrysophrys","auratus","2014-12_Geographe.Bay_stereoBRUVs",-33.5185,115.4460167,20141216,11:15:00,"Geographe.Bay","Fished","NA",12.3,"Laura","Yes","Yes","NA","2014-12_Geographe.Bay_stereoBRUVs.592"
"599","Sparidae Chrysophrys auratus",1,"Sparidae","Chrysophrys","auratus","2014-12_Geographe.Bay_stereoBRUVs",-33.5021167,115.4508,20141213,06:22:00,"Geographe.Bay","Fished","NA",13.9,"Laura","Yes","Yes","NA","2014-12_Geographe.Bay_stereoBRUVs.599"
"6","Sparidae Chrysophrys auratus",0,"Sparidae","Chrysophrys","auratus","2014-12_Geographe.Bay_stereoBRUVs",-33.4070833,115.1204167,20141210,07:55:00,"Geographe.Bay","Fished","NA",41.8,"Lizzy","Yes","Yes","NA","2014-12_Geographe.Bay_stereoBRUVs.6"
"60","Sparidae Chrysophrys auratus",0,"Sparidae","Chrysophrys","auratus","2014-12_Geographe.Bay_stereoBRUVs",-33.3626167,115.5049333,20141211,09:55:00,"Geographe.Bay","Fished","NA",21.5,"Lizzy","Yes","Yes","NA","2014-12_Geographe.Bay_stereoBRUVs.60"
"602","Sparidae Chrysophrys auratus",0,"Sparidae","Chrysophrys","auratus","2014-12_Geographe.Bay_stereoBRUVs",-33.6202,115.25615,20141215,12:57:00,"Geographe.Bay","Fished","NA",11.2,"Lauren","Yes","Yes","NA","2014-12_Geographe.Bay_stereoBRUVs.602"
"608","Sparidae Chrysophrys auratus",1,"Sparidae","Chrysophrys","auratus","2014-12_Geographe.Bay_stereoBRUVs",-33.4551833,115.4702833,20141216,09:01:00,"Geographe.Bay","Fished","NA",16.7,"Lauren","Yes","Yes","NA","2014-12_Geographe.Bay_stereoBRUVs.608"
"61","Sparidae Chrysophrys auratus",8,"Sparidae","Chrysophrys","auratus","2014-12_Geographe.Bay_stereoBRUVs",-33.4992833,115.1345167,20141209,12:50:00,"Geographe.Bay","Fished","NA",34.8,"Lauren","Yes","Yes","NA","2014-12_Geographe.Bay_stereoBRUVs.61"
"611","Sparidae Chrysophrys auratus",2,"Sparidae","Chrysophrys","auratus","2014-12_Geographe.Bay_stereoBRUVs",-33.5421333,115.4590333,20141216,15:45:00,"Geographe.Bay","Fished","NA",8.2,"Laura","Yes","Yes","NA","2014-12_Geographe.Bay_stereoBRUVs.611"
"615","Sparidae Chrysophrys auratus",0,"Sparidae","Chrysophrys","auratus","2014-12_Geographe.Bay_stereoBRUVs",-33.5980667,115.3327667,20141217,09:56:00,"Geographe.Bay","Fished","NA",11.8,"Lauren","Yes","Yes","NA","2014-12_Geographe.Bay_stereoBRUVs.615"
"618","Sparidae Chrysophrys auratus",1,"Sparidae","Chrysophrys","auratus","2014-12_Geographe.Bay_stereoBRUVs",-33.5678833,115.3528167,20141217,05:40:00,"Geographe.Bay","Fished","NA",14.5,"Lizzy","Yes","Yes","NA","2014-12_Geographe.Bay_stereoBRUVs.618"
"62","Sparidae Chrysophrys auratus",0,"Sparidae","Chrysophrys","auratus","2014-12_Geographe.Bay_stereoBRUVs",-33.4505,115.3306833,20141211,06:24:00,"Geographe.Bay","Fished","NA",29.3,"Lizzy","Yes","Yes","NA","2014-12_Geographe.Bay_stereoBRUVs.62"
"623","Sparidae Chrysophrys auratus",0,"Sparidae","Chrysophrys","auratus","2014-12_Geographe.Bay_stereoBRUVs",-33.6129333,115.1556167,20141215,10:24:00,"Geographe.Bay","Fished","NA",7.8,"Lizzy","Yes","Yes","NA","2014-12_Geographe.Bay_stereoBRUVs.623"
"624","Sparidae Chrysophrys auratus",0,"Sparidae","Chrysophrys","auratus","2014-12_Geographe.Bay_stereoBRUVs",-33.4209667,115.4918833,20141216,07:03:00,"Geographe.Bay","Fished","NA",17.5,"Lizzy","Yes","Yes","NA","2014-12_Geographe.Bay_stereoBRUVs.624"
"63","Sparidae Chrysophrys auratus",2,"Sparidae","Chrysophrys","auratus","2014-12_Geographe.Bay_stereoBRUVs",-33.50385,115.2562,20141209,06:29:00,"Geographe.Bay","Fished","NA",30,"Lauren","Yes","Yes","NA","2014-12_Geographe.Bay_stereoBRUVs.63"
"631","Sparidae Chrysophrys auratus",1,"Sparidae","Chrysophrys","auratus","2014-12_Geographe.Bay_stereoBRUVs",-33.5778833,115.2541167,20141215,13:33:00,"Geographe.Bay","Fished","NA",21,"Lauren","Yes","Yes","NA","2014-12_Geographe.Bay_stereoBRUVs.631"
"633","Sparidae Chrysophrys auratus",0,"Sparidae","Chrysophrys","auratus","2014-12_Geographe.Bay_stereoBRUVs",-33.4711667,115.4535,20141216,09:18:00,"Geographe.Bay","Fished","NA",16.2,"Lauren","Yes","Yes","NA","2014-12_Geographe.Bay_stereoBRUVs.633"
"634","Sparidae Chrysophrys auratus",0,"Sparidae","Chrysophrys","auratus","2014-12_Geographe.Bay_stereoBRUVs",-33.5336667,115.4141167,20141216,15:30:00,"Geographe.Bay","Fished","NA",13,"Laura","Yes","Yes","NA","2014-12_Geographe.Bay_stereoBRUVs.634"
"635","Sparidae Chrysophrys auratus",0,"Sparidae","Chrysophrys","auratus","2014-12_Geographe.Bay_stereoBRUVs",-33.5809667,115.1995667,20141215,08:52:00,"Geographe.Bay","Fished","NA",21.2,"Lauren","Yes","Yes","NA","2014-12_Geographe.Bay_stereoBRUVs.635"
"64","Sparidae Chrysophrys auratus",0,"Sparidae","Chrysophrys","auratus","2014-12_Geographe.Bay_stereoBRUVs",-33.4364167,115.50945,20141211,12:54:00,"Geographe.Bay","Fished","NA",14.2,"Lauren","Yes","Yes","NA","2014-12_Geographe.Bay_stereoBRUVs.64"
"640","Sparidae Chrysophrys auratus",0,"Sparidae","Chrysophrys","auratus","2014-12_Geographe.Bay_stereoBRUVs",-33.5162,115.4646167,20141216,11:10:00,"Geographe.Bay","Fished","NA",11.5,"Lizard","Yes","Yes","NA","2014-12_Geographe.Bay_stereoBRUVs.640"
"647","Sparidae Chrysophrys auratus",0,"Sparidae","Chrysophrys","auratus","2014-12_Geographe.Bay_stereoBRUVs",-33.4926,115.42465,20141213,08:17:00,"Geographe.Bay","Fished","NA",15.3,"Lauren","Yes","Yes","NA","2014-12_Geographe.Bay_stereoBRUVs.647"
"65","Sparidae Chrysophrys auratus",0,"Sparidae","Chrysophrys","auratus","2014-12_Geographe.Bay_stereoBRUVs",-33.3597167,115.2047667,20141210,13:15:00,"Geographe.Bay","Fished","NA",39.4,"Lauren","Yes","Yes","NA","2014-12_Geographe.Bay_stereoBRUVs.65"
"650","Sparidae Chrysophrys auratus",0,"Sparidae","Chrysophrys","auratus","2014-12_Geographe.Bay_stereoBRUVs",-33.5131167,115.3715667,20141216,13:14:00,"Geographe.Bay","Fished","NA",21.1,"Lizzy","Yes","Yes","NA","2014-12_Geographe.Bay_stereoBRUVs.650"
"655","Sparidae Chrysophrys auratus",0,"Sparidae","Chrysophrys","auratus","2014-12_Geographe.Bay_stereoBRUVs",-33.5812,115.2456833,20141215,13:20:00,"Geographe.Bay","Fished","NA",20.5,"Lauren","Yes","Yes","NA","2014-12_Geographe.Bay_stereoBRUVs.655"
"656","Sparidae Chrysophrys auratus",0,"Sparidae","Chrysophrys","auratus","2014-12_Geographe.Bay_stereoBRUVs",-33.3713167,115.5503833,20141214,09:28:00,"Geographe.Bay","Fished","NA",9,"Lauren","Yes","Yes","NA","2014-12_Geographe.Bay_stereoBRUVs.656"
"666","Sparidae Chrysophrys auratus",0,"Sparidae","Chrysophrys","auratus","2014-12_Geographe.Bay_stereoBRUVs",-33.5511167,115.35715,20141217,06:25:00,"Geographe.Bay","Fished","NA",15.6,"Lizzy","Yes","Yes","NA","2014-12_Geographe.Bay_stereoBRUVs.666"
"67","Sparidae Chrysophrys auratus",3,"Sparidae","Chrysophrys","auratus","2014-12_Geographe.Bay_stereoBRUVs",-33.4783167,115.0859333,20141209,13:58:00,"Geographe.Bay","Fished","NA",39.4,"Damo","Yes","Yes","NA","2014-12_Geographe.Bay_stereoBRUVs.67"
"672","Sparidae Chrysophrys auratus",0,"Sparidae","Chrysophrys","auratus","2014-12_Geographe.Bay_stereoBRUVs",-33.4004333,115.53565,20141214,11:45:00,"Geographe.Bay","Fished","NA",8.4,"Lauren","Yes","Yes","NA","2014-12_Geographe.Bay_stereoBRUVs.672"
"679","Sparidae Chrysophrys auratus",0,"Sparidae","Chrysophrys","auratus","2014-12_Geographe.Bay_stereoBRUVs",-33.4721333,115.4152667,20141214,13:48:00,"Geographe.Bay","Fished","NA",12,"Lauren","Yes","Yes","NA","2014-12_Geographe.Bay_stereoBRUVs.679"
"68","Sparidae Chrysophrys auratus",0,"Sparidae","Chrysophrys","auratus","2014-12_Geographe.Bay_stereoBRUVs",-33.3881667,115.2426,20141210,14:07:00,"Geographe.Bay","Fished","NA",38.9,"Lauren","Yes","Yes","NA","2014-12_Geographe.Bay_stereoBRUVs.68"
"682","Sparidae Chrysophrys auratus",0,"Sparidae","Chrysophrys","auratus","2014-12_Geographe.Bay_stereoBRUVs",-33.5696167,115.3354167,20141217,07:57:00,"Geographe.Bay","Fished","NA",15.2,"Damon","Yes","Yes","NA","2014-12_Geographe.Bay_stereoBRUVs.682"
"684","Sparidae Chrysophrys auratus",0,"Sparidae","Chrysophrys","auratus","2014-12_Geographe.Bay_stereoBRUVs",-33.5845333,115.1735,20141215,09:00:00,"Geographe.Bay","Fished","NA",20.6,"Lizzy","Yes","Yes","NA","2014-12_Geographe.Bay_stereoBRUVs.684"
"688","Sparidae Chrysophrys auratus",0,"Sparidae","Chrysophrys","auratus","2014-12_Geographe.Bay_stereoBRUVs",-33.6026333,115.3181333,20141217,09:52:00,"Geographe.Bay","Fished","NA",12.8,"Laura","Yes","Yes","NA","2014-12_Geographe.Bay_stereoBRUVs.688"
"69","Sparidae Chrysophrys auratus",0,"Sparidae","Chrysophrys","auratus","2014-12_Geographe.Bay_stereoBRUVs",-33.3534333,115.4040333,20141211,09:23:00,"Geographe.Bay","Fished","NA",28.7,"Lizzy","Yes","Yes","NA","2014-12_Geographe.Bay_stereoBRUVs.69"
"694","Sparidae Chrysophrys auratus",0,"Sparidae","Chrysophrys","auratus","2014-12_Geographe.Bay_stereoBRUVs",-33.5280667,115.34985,20141216,13:32:00,"Geographe.Bay","Fished","NA",21.3,"Lizzy","Yes","Yes","NA","2014-12_Geographe.Bay_stereoBRUVs.694"
"698","Sparidae Chrysophrys auratus",1,"Sparidae","Chrysophrys","auratus","2014-12_Geographe.Bay_stereoBRUVs",-33.5246167,115.4035333,20141212,13:25:00,"Geographe.Bay","Fished","NA",14,"Lizzy","Yes","Yes","NA","2014-12_Geographe.Bay_stereoBRUVs.698"
"7","Sparidae Chrysophrys auratus",1,"Sparidae","Chrysophrys","auratus","2014-12_Geographe.Bay_stereoBRUVs",-33.4204833,115.4457,20141213,11:04:00,"Geographe.Bay","Fished","NA",23.2,"Lizzy","Yes","Yes","NA","2014-12_Geographe.Bay_stereoBRUVs.7"
"70","Sparidae Chrysophrys auratus",1,"Sparidae","Chrysophrys","auratus","2014-12_Geographe.Bay_stereoBRUVs",-33.4158833,115.1513667,20141210,10:46:00,"Geographe.Bay","Fished","NA",41,"Lauren","Yes","Yes","NA","2014-12_Geographe.Bay_stereoBRUVs.70"
"704","Sparidae Chrysophrys auratus",1,"Sparidae","Chrysophrys","auratus","2014-12_Geographe.Bay_stereoBRUVs",-33.48475,115.5324,20141216,06:15:00,"Geographe.Bay","Fished","NA",7.45,"Lizzy","Yes","Yes","NA","2014-12_Geographe.Bay_stereoBRUVs.704"
"71","Sparidae Chrysophrys auratus",0,"Sparidae","Chrysophrys","auratus","2014-12_Geographe.Bay_stereoBRUVs",-33.4270833,115.4286667,20141213,10:58:00,"Geographe.Bay","Fished","NA",24.4,"Lizzy","Yes","Yes","NA","2014-12_Geographe.Bay_stereoBRUVs.71"
"711","Sparidae Chrysophrys auratus",0,"Sparidae","Chrysophrys","auratus","2014-12_Geographe.Bay_stereoBRUVs",-33.36945,115.5666,20141214,09:24:00,"Geographe.Bay","Fished","NA",8.4,"Laura","Yes","Yes","NA","2014-12_Geographe.Bay_stereoBRUVs.711"
"714","Sparidae Chrysophrys auratus",1,"Sparidae","Chrysophrys","auratus","2014-12_Geographe.Bay_stereoBRUVs",-33.5792667,115.1468167,20141215,08:26:00,"Geographe.Bay","Fished","NA",21.1,"Lauren","Yes","Yes","NA","2014-12_Geographe.Bay_stereoBRUVs.714"
"719","Sparidae Chrysophrys auratus",0,"Sparidae","Chrysophrys","auratus","2014-12_Geographe.Bay_stereoBRUVs",-33.6009667,115.23245,20141212,05:59:00,"Geographe.Bay","Fished","NA",26.3,"Laura","Yes","Yes","NA","2014-12_Geographe.Bay_stereoBRUVs.719"
"72","Sparidae Chrysophrys auratus",1,"Sparidae","Chrysophrys","auratus","2014-12_Geographe.Bay_stereoBRUVs",-33.4624833,115.32235,20141211,06:07:00,"Geographe.Bay","Fished","NA",29.4,"Lizzy","Yes","Yes","NA","2014-12_Geographe.Bay_stereoBRUVs.72"
"720","Sparidae Chrysophrys auratus",0,"Sparidae","Chrysophrys","auratus","2014-12_Geographe.Bay_stereoBRUVs",-33.3599,115.58345,20141214,09:11:00,"Geographe.Bay","Fished","NA",8.2,"Laura","Yes","Yes","NA","2014-12_Geographe.Bay_stereoBRUVs.720"
"73","Sparidae Chrysophrys auratus",0,"Sparidae","Chrysophrys","auratus","2014-12_Geographe.Bay_stereoBRUVs",-33.3718,115.1456,20141210,10:10:00,"Geographe.Bay","Fished","NA",41.5,"Lauren","Yes","Yes","NA","2014-12_Geographe.Bay_stereoBRUVs.73"
"735","Sparidae Chrysophrys auratus",0,"Sparidae","Chrysophrys","auratus","2014-12_Geographe.Bay_stereoBRUVs",-33.5620333,115.1433167,20141215,06:27:00,"Geographe.Bay","Fished","NA",26.7,"Lauren","Yes","Yes","NA","2014-12_Geographe.Bay_stereoBRUVs.735"
"736","Sparidae Chrysophrys auratus",0,"Sparidae","Chrysophrys","auratus","2014-12_Geographe.Bay_stereoBRUVs",-33.3850833,115.5606333,20141214,10:59:00,"Geographe.Bay","Fished","NA",8.2,"Lauren","Yes","Yes","NA","2014-12_Geographe.Bay_stereoBRUVs.736"
"746","Sparidae Chrysophrys auratus",0,"Sparidae","Chrysophrys","auratus","2014-12_Geographe.Bay_stereoBRUVs",-33.5794333,115.3570667,20141217,05:45:00,"Geographe.Bay","Fished","NA",13.2,"Damon","Yes","Yes","NA","2014-12_Geographe.Bay_stereoBRUVs.746"
"748","Sparidae Chrysophrys auratus",0,"Sparidae","Chrysophrys","auratus","2014-12_Geographe.Bay_stereoBRUVs",-33.3695667,115.5138333,20141214,08:46:00,"Geographe.Bay","Fished","NA",11.1,"Lizzy","Yes","Yes","NA","2014-12_Geographe.Bay_stereoBRUVs.748"
"75","Sparidae Chrysophrys auratus",0,"Sparidae","Chrysophrys","auratus","2014-12_Geographe.Bay_stereoBRUVs",-33.5893333,115.29455,20141212,08:52:00,"Geographe.Bay","Fished","NA",16.6,"Lauren","Yes","Yes","NA","2014-12_Geographe.Bay_stereoBRUVs.75"
"752","Sparidae Chrysophrys auratus",1,"Sparidae","Chrysophrys","auratus","2014-12_Geographe.Bay_stereoBRUVs",-33.3765667,115.5914167,20141214,09:15:00,"Geographe.Bay","Fished","NA",6.2,"Damon","Yes","Yes","NA","2014-12_Geographe.Bay_stereoBRUVs.752"
"755","Sparidae Chrysophrys auratus",1,"Sparidae","Chrysophrys","auratus","2014-12_Geographe.Bay_stereoBRUVs",-33.43385,115.4571167,20141214,13:27:00,"Geographe.Bay","Fished","NA",11.3,"Lauren","Yes","Yes","NA","2014-12_Geographe.Bay_stereoBRUVs.755"
"759","Sparidae Chrysophrys auratus",0,"Sparidae","Chrysophrys","auratus","2014-12_Geographe.Bay_stereoBRUVs",-33.5759,115.3173333,20141217,07:52:00,"Geographe.Bay","Fished","NA",17.3,"Lauren","Yes","Yes","NA","2014-12_Geographe.Bay_stereoBRUVs.759"
"76","Sparidae Chrysophrys auratus",0,"Sparidae","Chrysophrys","auratus","2014-12_Geographe.Bay_stereoBRUVs",-33.41295,115.2846833,20141211,07:01:00,"Geographe.Bay","Fished","NA",35.2,"Lizzy","Yes","Yes","NA","2014-12_Geographe.Bay_stereoBRUVs.76"
"762","Sparidae Chrysophrys auratus",0,"Sparidae","Chrysophrys","auratus","2014-12_Geographe.Bay_stereoBRUVs",-33.5198667,115.4149,20141212,13:44:00,"Geographe.Bay","Fished","NA",13,"laura","Yes","Yes","NA","2014-12_Geographe.Bay_stereoBRUVs.762"
"764","Sparidae Chrysophrys auratus",0,"Sparidae","Chrysophrys","auratus","2014-12_Geographe.Bay_stereoBRUVs",-33.3744333,115.49605,20141214,08:43:00,"Geographe.Bay","Fished","NA",11.6,"Lauren","Yes","Yes","NA","2014-12_Geographe.Bay_stereoBRUVs.764"
"77","Sparidae Chrysophrys auratus",0,"Sparidae","Chrysophrys","auratus","2014-12_Geographe.Bay_stereoBRUVs",-33.45575,115.1029,20141209,13:50:00,"Geographe.Bay","Fished","NA",40.8,"Lauren","Yes","Yes","NA","2014-12_Geographe.Bay_stereoBRUVs.77"
"779","Sparidae Chrysophrys auratus",3,"Sparidae","Chrysophrys","auratus","2014-12_Geographe.Bay_stereoBRUVs",-33.5817167,115.2263667,20141217,08:11:00,"Geographe.Bay","Fished","NA",19,"Lizzy","Yes","Yes","NA","2014-12_Geographe.Bay_stereoBRUVs.779"
"78","Sparidae Chrysophrys auratus",1,"Sparidae","Chrysophrys","auratus","2014-12_Geographe.Bay_stereoBRUVs",-33.5076,115.4437667,20141213,06:18:00,"Geographe.Bay","Fished","NA",13.4,"Lauren","Yes","Yes","NA","2014-12_Geographe.Bay_stereoBRUVs.78"
"782","Sparidae Chrysophrys auratus",1,"Sparidae","Chrysophrys","auratus","2014-12_Geographe.Bay_stereoBRUVs",-33.5142,115.4368333,20141213,06:06:00,"Geographe.Bay","Fished","NA",13.7,"Laura","Yes","Yes","NA","2014-12_Geographe.Bay_stereoBRUVs.782"
"783","Sparidae Chrysophrys auratus",0,"Sparidae","Chrysophrys","auratus","2014-12_Geographe.Bay_stereoBRUVs",-33.5817167,115.2263667,20141212,08:12:00,"Geographe.Bay","Fished","NA",21.5,"Lauren","Yes","Yes","NA","2014-12_Geographe.Bay_stereoBRUVs.783"
"784","Sparidae Chrysophrys auratus",2,"Sparidae","Chrysophrys","auratus","2014-12_Geographe.Bay_stereoBRUVs",-33.6014333,115.1773667,20141215,11:07:00,"Geographe.Bay","Fished","NA",13.4,"Laura","Yes","Yes","NA","2014-12_Geographe.Bay_stereoBRUVs.784"
"79","Sparidae Chrysophrys auratus",1,"Sparidae","Chrysophrys","auratus","2014-12_Geographe.Bay_stereoBRUVs",-33.5874,115.2308833,20141212,08:16:00,"Geographe.Bay","Fished","NA",18.5,"Lauren","Yes","Yes","NA","2014-12_Geographe.Bay_stereoBRUVs.79"
"791","Sparidae Chrysophrys auratus",0,"Sparidae","Chrysophrys","auratus","2014-12_Geographe.Bay_stereoBRUVs",-33.4851333,115.4435167,20141213,08:03:00,"Geographe.Bay","Fished","NA",15,"Lizzy","Yes","Yes","NA","2014-12_Geographe.Bay_stereoBRUVs.791"
"794","Sparidae Chrysophrys auratus",0,"Sparidae","Chrysophrys","auratus","2014-12_Geographe.Bay_stereoBRUVs",-33.6248167,115.2039333,20141215,10:38:00,"Geographe.Bay","Fished","NA",7.4,"Lizzy","Yes","Yes","NA","2014-12_Geographe.Bay_stereoBRUVs.794"
"80","Sparidae Chrysophrys auratus",0,"Sparidae","Chrysophrys","auratus","2014-12_Geographe.Bay_stereoBRUVs",-33.3515833,115.5195333,20141211,10:01:00,"Geographe.Bay","Fished","NA",20.7,"Lauren","Yes","Yes","NA","2014-12_Geographe.Bay_stereoBRUVs.80"
"800","Sparidae Chrysophrys auratus",0,"Sparidae","Chrysophrys","auratus","2014-12_Geographe.Bay_stereoBRUVs",-33.5731667,115.1934833,20141215,08:48:00,"Geographe.Bay","Fished","NA",22.9,"Laura","Yes","Yes","NA","2014-12_Geographe.Bay_stereoBRUVs.800"
"807","Sparidae Chrysophrys auratus",0,"Sparidae","Chrysophrys","auratus","2014-12_Geographe.Bay_stereoBRUVs",-33.494,115.4907,20141216,10:50:00,"Geographe.Bay","Fished","NA",14,"Lizzy","Yes","Yes","NA","2014-12_Geographe.Bay_stereoBRUVs.807"
"81","Sparidae Chrysophrys auratus",0,"Sparidae","Chrysophrys","auratus","2014-12_Geographe.Bay_stereoBRUVs",-33.3788167,115.23045,20141210,14:18:00,"Geographe.Bay","Fished","NA",38.9,"Laura","Yes","Yes","NA","2014-12_Geographe.Bay_stereoBRUVs.81"
"810","Sparidae Chrysophrys auratus",0,"Sparidae","Chrysophrys","auratus","2014-12_Geographe.Bay_stereoBRUVs",-33.5513333,115.3766,20141216,13:44:00,"Geographe.Bay","Fished","NA",14.3,"Lizzy","Yes","Yes","NA","2014-12_Geographe.Bay_stereoBRUVs.810"
"816","Sparidae Chrysophrys auratus",0,"Sparidae","Chrysophrys","auratus","2014-12_Geographe.Bay_stereoBRUVs",-33.3996,115.56325,20141214,11:09:00,"Geographe.Bay","Fished","NA",7.9,"Lizzy","Yes","Yes","NA","2014-12_Geographe.Bay_stereoBRUVs.816"
"82","Sparidae Chrysophrys auratus",0,"Sparidae","Chrysophrys","auratus","2014-12_Geographe.Bay_stereoBRUVs",-33.3955167,115.1102833,20141210,07:49:00,"Geographe.Bay","Fished","NA",42.6,"laura","Yes","Yes","NA","2014-12_Geographe.Bay_stereoBRUVs.82"
"823","Sparidae Chrysophrys auratus",0,"Sparidae","Chrysophrys","auratus","2014-12_Geographe.Bay_stereoBRUVs",-33.5857333,115.2872167,20141217,08:19:00,"Geographe.Bay","Fished","NA",16.2,"Lizzy","Yes","Yes","NA","2014-12_Geographe.Bay_stereoBRUVs.823"
"826","Sparidae Chrysophrys auratus",0,"Sparidae","Chrysophrys","auratus","2014-12_Geographe.Bay_stereoBRUVs",-33.5426833,115.4005833,20141213,05:45:00,"Geographe.Bay","Fished","NA",12.8,"Lizzy","Yes","Yes","NA","2014-12_Geographe.Bay_stereoBRUVs.826"
"828","Sparidae Chrysophrys auratus",0,"Sparidae","Chrysophrys","auratus","2014-12_Geographe.Bay_stereoBRUVs",-33.4174667,115.5295667,20141214,11:38:00,"Geographe.Bay","Fished","NA",7.6,"Lauren","Yes","Yes","NA","2014-12_Geographe.Bay_stereoBRUVs.828"
"83","Sparidae Chrysophrys auratus",0,"Sparidae","Chrysophrys","auratus","2014-12_Geographe.Bay_stereoBRUVs",-33.46935,115.37905,20141213,10:26:00,"Geographe.Bay","Fished","NA",24.6,"Lauren","Yes","Yes","NA","2014-12_Geographe.Bay_stereoBRUVs.83"
"832","Sparidae Chrysophrys auratus",1,"Sparidae","Chrysophrys","auratus","2014-12_Geographe.Bay_stereoBRUVs",-33.4556167,115.5196833,20141216,06:43:00,"Geographe.Bay","Fished","NA",12.6,"Lizzy","Yes","Yes","NA","2014-12_Geographe.Bay_stereoBRUVs.832"
"839","Sparidae Chrysophrys auratus",0,"Sparidae","Chrysophrys","auratus","2014-12_Geographe.Bay_stereoBRUVs",-33.4873,115.4085,20141216,13:00:00,"Geographe.Bay","Fished","NA",20,"Laura","Yes","Yes","NA","2014-12_Geographe.Bay_stereoBRUVs.839"
"84","Sparidae Chrysophrys auratus",6,"Sparidae","Chrysophrys","auratus","2014-12_Geographe.Bay_stereoBRUVs",-33.3964667,115.1924,20141210,11:28:00,"Geographe.Bay","Fished","NA",41,"Lizzy","Yes","Yes","NA","2014-12_Geographe.Bay_stereoBRUVs.84"
"842","Sparidae Chrysophrys auratus",13,"Sparidae","Chrysophrys","auratus","2014-12_Geographe.Bay_stereoBRUVs",-33.5681167,115.11485,20141215,06:40:00,"Geographe.Bay","Fished","NA",22.3,"Lizzy","Yes","Yes","NA","2014-12_Geographe.Bay_stereoBRUVs.842"
"843","Sparidae Chrysophrys auratus",0,"Sparidae","Chrysophrys","auratus","2014-12_Geographe.Bay_stereoBRUVs",-33.5999833,115.2586,20141215,13:43:00,"Geographe.Bay","Fished","NA",14.6,"Damon","Yes","Yes","NA","2014-12_Geographe.Bay_stereoBRUVs.843"
"848","Sparidae Chrysophrys auratus",0,"Sparidae","Chrysophrys","auratus","2014-12_Geographe.Bay_stereoBRUVs",-33.35185,115.5323,20141214,08:53:00,"Geographe.Bay","Fished","NA",10.4,"Lauren","Yes","Yes","NA","2014-12_Geographe.Bay_stereoBRUVs.848"
"855","Sparidae Chrysophrys auratus",0,"Sparidae","Chrysophrys","auratus","2014-12_Geographe.Bay_stereoBRUVs",-33.4901,115.4357667,20141213,08:09:00,"Geographe.Bay","Fished","NA",15.2,"Lauren","Yes","Yes","NA","2014-12_Geographe.Bay_stereoBRUVs.855"
"858","Sparidae Chrysophrys auratus",0,"Sparidae","Chrysophrys","auratus","2014-12_Geographe.Bay_stereoBRUVs",-33.5573167,115.3461833,20141217,06:29:00,"Geographe.Bay","Fished","NA",16.6,"Damon","Yes","Yes","NA","2014-12_Geographe.Bay_stereoBRUVs.858"
"86","Sparidae Chrysophrys auratus",0,"Sparidae","Chrysophrys","auratus","2014-12_Geographe.Bay_stereoBRUVs",-33.5405167,115.1785167,20141209,07:24:00,"Geographe.Bay","Fished","NA",28.6,"Lizzy","Yes","Yes","NA","2014-12_Geographe.Bay_stereoBRUVs.86"
"864","Sparidae Chrysophrys auratus",0,"Sparidae","Chrysophrys","auratus","2014-12_Geographe.Bay_stereoBRUVs",-33.58325,115.3720667,20141217,05:50:00,"Geographe.Bay","Fished","NA",12.4,"Laura","Yes","Yes","NA","2014-12_Geographe.Bay_stereoBRUVs.864"
"87","Sparidae Chrysophrys auratus",0,"Sparidae","Chrysophrys","auratus","2014-12_Geographe.Bay_stereoBRUVs",-33.4896,115.4589333,20141213,07:49:00,"Geographe.Bay","Fished","NA",13,"Lauren","Yes","Yes","NA","2014-12_Geographe.Bay_stereoBRUVs.87"
"879","Sparidae Chrysophrys auratus",0,"Sparidae","Chrysophrys","auratus","2014-12_Geographe.Bay_stereoBRUVs",-33.6168833,115.1828667,20141215,10:31:00,"Geographe.Bay","Fished","NA",8.1,"Laura","Yes","Yes","NA","2014-12_Geographe.Bay_stereoBRUVs.879"
"88","Sparidae Chrysophrys auratus",0,"Sparidae","Chrysophrys","auratus","2014-12_Geographe.Bay_stereoBRUVs",-33.5010667,115.2145333,20141209,09:45:00,"Geographe.Bay","Fished","NA",31.4,"Laura","Yes","Yes","NA","2014-12_Geographe.Bay_stereoBRUVs.88"
"880","Sparidae Chrysophrys auratus",1,"Sparidae","Chrysophrys","auratus","2014-12_Geographe.Bay_stereoBRUVs",-33.53655,115.4444,20141216,15:41:00,"Geographe.Bay","Fished","NA",10.9,"Laura","Yes","Yes","NA","2014-12_Geographe.Bay_stereoBRUVs.880"
"89","Sparidae Chrysophrys auratus",0,"Sparidae","Chrysophrys","auratus","2014-12_Geographe.Bay_stereoBRUVs",-33.3828167,115.0563833,20141210,06:58:00,"Geographe.Bay","Fished","NA",43.9,"Lauren","Yes","Yes","NA","2014-12_Geographe.Bay_stereoBRUVs.89"
"9","Sparidae Chrysophrys auratus",0,"Sparidae","Chrysophrys","auratus","2014-12_Geographe.Bay_stereoBRUVs",-33.3643333,115.1361167,20141210,10:04:00,"Geographe.Bay","Fished","NA",41.8,"Lauren","Yes","Yes","NA","2014-12_Geographe.Bay_stereoBRUVs.9"
"90","Sparidae Chrysophrys auratus",0,"Sparidae","Chrysophrys","auratus","2014-12_Geographe.Bay_stereoBRUVs",-33.5333167,115.3224833,20141212,10:53:00,"Geographe.Bay","Fished","NA",22,"Laura","Yes","Yes","NA","2014-12_Geographe.Bay_stereoBRUVs.90"
"91","Sparidae Chrysophrys auratus",1,"Sparidae","Chrysophrys","auratus","2014-12_Geographe.Bay_stereoBRUVs",-33.5396,115.2060833,20141209,06:54:00,"Geographe.Bay","Fished","NA",29.8,"Laura","Yes","Yes","NA","2014-12_Geographe.Bay_stereoBRUVs.91"
"92","Sparidae Chrysophrys auratus",0,"Sparidae","Chrysophrys","auratus","2014-12_Geographe.Bay_stereoBRUVs",-33.4175833,115.3149833,20141211,06:43:00,"Geographe.Bay","Fished","NA",33,"Lauren","Yes","Yes","NA","2014-12_Geographe.Bay_stereoBRUVs.92"
"93","Sparidae Chrysophrys auratus",1,"Sparidae","Chrysophrys","auratus","2014-12_Geographe.Bay_stereoBRUVs",-33.4813167,115.15275,20141209,12:59:00,"Geographe.Bay","Fished","NA",36,"Laura","Yes","Yes","NA","2014-12_Geographe.Bay_stereoBRUVs.93"
"95","Sparidae Chrysophrys auratus",3,"Sparidae","Chrysophrys","auratus","2014-12_Geographe.Bay_stereoBRUVs",-33.5175,115.3155333,20141212,10:42:00,"Geographe.Bay","Fished","NA",24.9,"Lauren","Yes","Yes","NA","2014-12_Geographe.Bay_stereoBRUVs.95"
"96","Sparidae Chrysophrys auratus",0,"Sparidae","Chrysophrys","auratus","2014-12_Geographe.Bay_stereoBRUVs",-33.4489,115.4808167,20141211,13:04:00,"Geographe.Bay","Fished","NA",15.9,"Lauren","Yes","Yes","NA","2014-12_Geographe.Bay_stereoBRUVs.96"
"97","Sparidae Chrysophrys auratus",0,"Sparidae","Chrysophrys","auratus","2014-12_Geographe.Bay_stereoBRUVs",-33.38465,115.2926667,20141211,08:43:00,"Geographe.Bay","Fished","NA",35.6,"Lizzy","Yes","Yes","NA","2014-12_Geographe.Bay_stereoBRUVs.97"
"98","Sparidae Chrysophrys auratus",1,"Sparidae","Chrysophrys","auratus","2014-12_Geographe.Bay_stereoBRUVs",-33.434,115.1726667,20141210,10:56:00,"Geographe.Bay","Fished","NA",38,"Lizzy","Yes","Yes","NA","2014-12_Geographe.Bay_stereoBRUVs.98"
"99","Sparidae Chrysophrys auratus",2,"Sparidae","Chrysophrys","auratus","2014-12_Geographe.Bay_stereoBRUVs",-33.3953,115.3990167,20141214,06:59:00,"Geographe.Bay","Fished","NA",15.4,"Lauren","Yes","Yes","NA","2014-12_Geographe.Bay_stereoBRUVs.99"
"GBR-BOB","Sparidae Chrysophrys auratus",0,"Sparidae","Chrysophrys","auratus","2014-12_Geographe.Bay_stereoBRUVs",-33.59235,115.2205667,20141217,12:23:00,"Geographe.Bay","Fished","NA",16.7,"Lizzy","Yes","Yes","NA","2014-12_Geographe.Bay_stereoBRUVs.GBR-BOB"
"GBR1-1","Sparidae Chrysophrys auratus",0,"Sparidae","Chrysophrys","auratus","2014-12_Geographe.Bay_stereoBRUVs",-33.5936167,115.19625,20141217,12:02:00,"Geographe.Bay","Fished","NA",17.3,"Laura","Yes","Yes","NA","2014-12_Geographe.Bay_stereoBRUVs.GBR1-1"
"GBR1-2","Sparidae Chrysophrys auratus",0,"Sparidae","Chrysophrys","auratus","2014-12_Geographe.Bay_stereoBRUVs",-33.5936,115.1995333,20141217,12:05:00,"Geographe.Bay","Fished","NA",16,"Lizzy","Yes","Yes","NA","2014-12_Geographe.Bay_stereoBRUVs.GBR1-2"
"GBR1-3","Sparidae Chrysophrys auratus",0,"Sparidae","Chrysophrys","auratus","2014-12_Geographe.Bay_stereoBRUVs",-33.5937833,115.2022833,20141217,12:07:00,"Geographe.Bay","Fished","NA",15.8,"Damon","Yes","Yes","NA","2014-12_Geographe.Bay_stereoBRUVs.GBR1-3"
"GBR1-4","Sparidae Chrysophrys auratus",0,"Sparidae","Chrysophrys","auratus","2014-12_Geographe.Bay_stereoBRUVs",-33.59345,115.2055167,20141217,12:09:00,"Geographe.Bay","Fished","NA",16.8,"Lauren","Yes","Yes","NA","2014-12_Geographe.Bay_stereoBRUVs.GBR1-4"
"GBR2-1","Sparidae Chrysophrys auratus",2,"Sparidae","Chrysophrys","auratus","2014-12_Geographe.Bay_stereoBRUVs",-33.5938333,115.19065,20141217,13:40:00,"Geographe.Bay","Fished","NA",17.7,"Laura","Yes","Yes","NA","2014-12_Geographe.Bay_stereoBRUVs.GBR2-1"
"GBR2-2","Sparidae Chrysophrys auratus",1,"Sparidae","Chrysophrys","auratus","2014-12_Geographe.Bay_stereoBRUVs",-33.5940167,115.1883833,20141217,13:42:00,"Geographe.Bay","Fished","NA",16.2,"Laura","Yes","Yes","NA","2014-12_Geographe.Bay_stereoBRUVs.GBR2-2"
"GBR2-3","Sparidae Chrysophrys auratus",1,"Sparidae","Chrysophrys","auratus","2014-12_Geographe.Bay_stereoBRUVs",-33.5940667,115.1864833,20141217,13:44:00,"Geographe.Bay","Fished","NA",16.4,"Lauren","Yes","Yes","NA","2014-12_Geographe.Bay_stereoBRUVs.GBR2-3"
"GBR2-4","Sparidae Chrysophrys auratus",0,"Sparidae","Chrysophrys","auratus","2014-12_Geographe.Bay_stereoBRUVs",-33.59365,115.193,20141217,13:38:00,"Geographe.Bay","Fished","NA",16.2,"Lizzy","Yes","Yes","NA","2014-12_Geographe.Bay_stereoBRUVs.GBR2-4"
"GBR3-1","Sparidae Chrysophrys auratus",1,"Sparidae","Chrysophrys","auratus","2014-12_Geographe.Bay_stereoBRUVs",-33.5944667,115.1819333,20141217,13:53:00,"Geographe.Bay","Fished","NA",17.6,"Lauren","Yes","Yes","NA","2014-12_Geographe.Bay_stereoBRUVs.GBR3-1"
"GBR3-2","Sparidae Chrysophrys auratus",0,"Sparidae","Chrysophrys","auratus","2014-12_Geographe.Bay_stereoBRUVs",-33.59365,115.193,20141217,13:30:00,"Geographe.Bay","Fished","NA",17.9,"Lauren","Yes","Yes","NA","2014-12_Geographe.Bay_stereoBRUVs.GBR3-2"
"GBR3-3","Sparidae Chrysophrys auratus",0,"Sparidae","Chrysophrys","auratus","2014-12_Geographe.Bay_stereoBRUVs",-33.59365,115.1839667,20141217,13:47:00,"Geographe.Bay","Fished","NA",17,"Lizzy","Yes","Yes","NA","2014-12_Geographe.Bay_stereoBRUVs.GBR3-3"
"GBR3-4","Sparidae Chrysophrys auratus",4,"Sparidae","Chrysophrys","auratus","2014-12_Geographe.Bay_stereoBRUVs",-33.5938667,115.1851,20141217,13:46:00,"Geographe.Bay","Fished","NA",16.6,"Lauren","Yes","Yes","NA","2014-12_Geographe.Bay_stereoBRUVs.GBR3-4"
"GBR4-1","Sparidae Chrysophrys auratus",0,"Sparidae","Chrysophrys","auratus","2014-12_Geographe.Bay_stereoBRUVs",-33.5933333,115.2080833,20141217,12:11:00,"Geographe.Bay","Fished","NA",16.1,"Damon","Yes","Yes","NA","2014-12_Geographe.Bay_stereoBRUVs.GBR4-1"
"GBR4-2","Sparidae Chrysophrys auratus",0,"Sparidae","Chrysophrys","auratus","2014-12_Geographe.Bay_stereoBRUVs",-33.5928333,115.2102333,20141217,12:13:00,"Geographe.Bay","Fished","NA",16.3,"Lauren","Yes","Yes","NA","2014-12_Geographe.Bay_stereoBRUVs.GBR4-2"
"GBR5-1","Sparidae Chrysophrys auratus",0,"Sparidae","Chrysophrys","auratus","2014-12_Geographe.Bay_stereoBRUVs",-33.5932167,115.2119333,20141217,12:15:00,"Geographe.Bay","Fished","NA",16.2,"Laura","Yes","Yes","NA","2014-12_Geographe.Bay_stereoBRUVs.GBR5-1"
"GBR5-2","Sparidae Chrysophrys auratus",0,"Sparidae","Chrysophrys","auratus","2014-12_Geographe.Bay_stereoBRUVs",-33.5927333,115.2148,20141217,12:17:00,"Geographe.Bay","Fished","NA",16.6,"Laura","Yes","Yes","NA","2014-12_Geographe.Bay_stereoBRUVs.GBR5-2"
"GBR5-3","Sparidae Chrysophrys auratus",0,"Sparidae","Chrysophrys","auratus","2014-12_Geographe.Bay_stereoBRUVs",-33.5924167,115.2175167,20141217,12:19:00,"Geographe.Bay","Fished","NA",16.4,"Lizzy","Yes","Yes","NA","2014-12_Geographe.Bay_stereoBRUVs.GBR5-3"
"RB1","Sparidae Chrysophrys auratus",0,"Sparidae","Chrysophrys","auratus","2014-12_Geographe.Bay_stereoBRUVs",-33.53455,115.2176667,20141209,06:49:00,"Geographe.Bay","Fished","NA",28,"Lizzy","Yes","Yes","NA","2014-12_Geographe.Bay_stereoBRUVs.RB1"
"RB2","Sparidae Chrysophrys auratus",0,"Sparidae","Chrysophrys","auratus","2014-12_Geographe.Bay_stereoBRUVs",-33.5085667,115.2254833,20141209,09:39:00,"Geographe.Bay","Fished","NA",30,"Lizzy","Yes","Yes","NA","2014-12_Geographe.Bay_stereoBRUVs.RB2"
"RC1","Sparidae Chrysophrys auratus",6,"Sparidae","Chrysophrys","auratus","2014-12_Geographe.Bay_stereoBRUVs",-33.4628,115.23995,20141209,10:09:00,"Geographe.Bay","Fished","NA",34.2,"Laura","Yes","Yes","NA","2014-12_Geographe.Bay_stereoBRUVs.RC1"
"RC2","Sparidae Chrysophrys auratus",1,"Sparidae","Chrysophrys","auratus","2014-12_Geographe.Bay_stereoBRUVs",-33.48635,115.1780333,20141209,10:34:00,"Geographe.Bay","Fished","NA",34.3,"Lizzy","Yes","Yes","NA","2014-12_Geographe.Bay_stereoBRUVs.RC2"
"RC3","Sparidae Chrysophrys auratus",1,"Sparidae","Chrysophrys","auratus","2014-12_Geographe.Bay_stereoBRUVs",-33.4704833,115.1684167,20141209,13:11:00,"Geographe.Bay","Fished","NA",35,"Lauren","Yes","Yes","NA","2014-12_Geographe.Bay_stereoBRUVs.RC3"
