"campaignid","sample","latitude","longitude","date","time","location","site","depth","observer","successful.count","successful.length","comment","id","Carangidae Pseudocaranx spp","Gerreidae Parequula melbournensis","Labridae Coris auricularis","Sparidae Chrysophrys auratus","species.richness","total.abundance","macroalgae","turf.algae","stony.corals","unconsolidated","seagrasses","sponges","consolidated"
"2014-12_Geographe.Bay_stereoBRUVs","1",-33.36345,115.21415,20141210,13:20:00,"Geographe.Bay","NA",40,"Lizzy","Yes","Yes","NA","2014-12_Geographe.Bay_stereoBRUVs.1",0,0,0,2,3,12,0,0,0,100,0,0,0
"2014-12_Geographe.Bay_stereoBRUVs","2",-33.4405333,115.10095,20141210,06:29:00,"Geographe.Bay","NA",40.5,"Lizzy","Yes","Yes","NA","2014-12_Geographe.Bay_stereoBRUVs.2",4,0,26,0,17,61,0,0,0,50,0,50,0
"2014-12_Geographe.Bay_stereoBRUVs","3",-33.4920833,115.3549,20141213,08:41:00,"Geographe.Bay","NA",24.8,"Lizzy","Yes","Yes","NA","2014-12_Geographe.Bay_stereoBRUVs.3",43,0,0,0,15,139,0,0,0,100,0,0,0
"2014-12_Geographe.Bay_stereoBRUVs","4",-33.3921,115.2280833,20141210,14:13:00,"Geographe.Bay","NA",38.4,"Lizzy","Yes","Yes","NA","2014-12_Geographe.Bay_stereoBRUVs.4",8,16,0,0,8,43,0,0,0,100,0,0,0
"2014-12_Geographe.Bay_stereoBRUVs","5",-33.3627833,115.45495,20141211,09:43:00,"Geographe.Bay","NA",25.7,"Lizzy","Yes","Yes","NA","2014-12_Geographe.Bay_stereoBRUVs.5",19,8,20,3,11,59,0,10.53,0,78.95,10.53,0,0
"2014-12_Geographe.Bay_stereoBRUVs","6",-33.4070833,115.1204167,20141210,07:55:00,"Geographe.Bay","NA",41.8,"Lizzy","Yes","Yes","NA","2014-12_Geographe.Bay_stereoBRUVs.6",76,3,19,0,7,117,0,0,0,100,0,0,0
"2014-12_Geographe.Bay_stereoBRUVs","7",-33.4204833,115.4457,20141213,11:04:00,"Geographe.Bay","NA",23.2,"Lizzy","Yes","Yes","NA","2014-12_Geographe.Bay_stereoBRUVs.7",4,53,57,2,12,135,0,0,0,100,0,0,0
"2014-12_Geographe.Bay_stereoBRUVs","10",-33.5281667,115.3313333,20141212,10:48:00,"Geographe.Bay","NA",22.7,"Lauren","Yes","Yes","NA","2014-12_Geographe.Bay_stereoBRUVs.10",0,83,2,0,8,105,5.26,0,0,36.85,57.9,0,0
"2014-12_Geographe.Bay_stereoBRUVs","11",-33.5712167,115.2958167,20141212,08:59:00,"Geographe.Bay","NA",21.7,"Lauren","Yes","Yes","NA","2014-12_Geographe.Bay_stereoBRUVs.11",4,6,8,0,16,47,0,5,0,20,75,0,0
"2014-12_Geographe.Bay_stereoBRUVs","12",-33.40395,115.2615667,20141210,14:00:00,"Geographe.Bay","NA",38.7,"Lauren","Yes","Yes","NA","2014-12_Geographe.Bay_stereoBRUVs.12",0,7,0,0,5,28,0,0,0,100,0,0,0
"2014-12_Geographe.Bay_stereoBRUVs","13",-33.4501833,115.0925167,20141209,13:41:00,"Geographe.Bay","NA",42.4,"Lauren","Yes","Yes","NA","2014-12_Geographe.Bay_stereoBRUVs.13",0,0,11,0,9,28,0,0,0,100,0,0,0
"2014-12_Geographe.Bay_stereoBRUVs","14",-33.5296667,115.4130333,20141213,05:56:00,"Geographe.Bay","NA",13.2,"Lizzy","Yes","Yes","NA","2014-12_Geographe.Bay_stereoBRUVs.14",4,2,19,3,25,119,0,90,0,10,0,0,0
"2014-12_Geographe.Bay_stereoBRUVs","15",-33.5782333,115.2147833,20141212,06:27:00,"Geographe.Bay","NA",26.2,"laura","Yes","Yes","NA","2014-12_Geographe.Bay_stereoBRUVs.15",20,22,9,0,11,78,0,0,0,16.67,83.34,0,0
"2014-12_Geographe.Bay_stereoBRUVs","16",-33.3889,115.4986167,20141211,12:21:00,"Geographe.Bay","NA",20,"Lauren","Yes","Yes","NA","2014-12_Geographe.Bay_stereoBRUVs.16",4,5,0,0,9,31,10,60,0,0,30,0,0
"2014-12_Geographe.Bay_stereoBRUVs","17",-33.3635833,115.23265,20141210,13:27:00,"Geographe.Bay","NA",38.8,"Laura","Yes","Yes","NA","2014-12_Geographe.Bay_stereoBRUVs.17",0,0,16,4,9,36,0,11.12,0,72.22,11.11,5.56,0
"2014-12_Geographe.Bay_stereoBRUVs","18",-33.3926,115.0981333,20141210,07:44:00,"Geographe.Bay","NA",42.4,"Lizzy","Yes","Yes","NA","2014-12_Geographe.Bay_stereoBRUVs.18",74,2,0,0,9,237,0,0,0,100,0,0,0
"2014-12_Geographe.Bay_stereoBRUVs","19",-33.4605,115.3618,20141213,10:33:00,"Geographe.Bay","NA",26,"Lauren","Yes","Yes","NA","2014-12_Geographe.Bay_stereoBRUVs.19",0,4,0,14,6,24,0,0,0,90.9,9.09,0,0
"2014-12_Geographe.Bay_stereoBRUVs","20",-33.4338667,115.2221167,20141210,11:09:00,"Geographe.Bay","NA",36,"Laura","Yes","Yes","NA","2014-12_Geographe.Bay_stereoBRUVs.20",14,4,14,8,8,129,0,0,0,95,5,0,0
"2014-12_Geographe.Bay_stereoBRUVs","22",-33.57455,115.1806667,20141209,07:10:00,"Geographe.Bay","NA",22.6,"Lizzy","Yes","Yes","NA","2014-12_Geographe.Bay_stereoBRUVs.22",2,2,21,2,14,40,0,95.24,0,0,0,4.76,0
"2014-12_Geographe.Bay_stereoBRUVs","23",-33.5041833,115.4289333,20141216,11:29:00,"Geographe.Bay","NA",13.6,"Lauren","Yes","Yes","NA","2014-12_Geographe.Bay_stereoBRUVs.23",0,1,8,0,10,31,2.86,31.43,0,37.15,28.58,0,0
"2014-12_Geographe.Bay_stereoBRUVs","24",-33.47115,115.2861667,20141209,06:05:00,"Geographe.Bay","NA",29.2,"Lizzy","Yes","Yes","NA","2014-12_Geographe.Bay_stereoBRUVs.24",0,10,8,0,10,39,14.29,0,0,85.71,0,0,0
"2014-12_Geographe.Bay_stereoBRUVs","25",-33.3833333,115.0827833,20141210,07:10:00,"Geographe.Bay","NA",42.5,"Lauren","Yes","Yes","NA","2014-12_Geographe.Bay_stereoBRUVs.25",148,0,0,0,11,263,0,0,0,100,0,0,0
"2014-12_Geographe.Bay_stereoBRUVs","26",-33.5500333,115.3236167,20141212,11:02:00,"Geographe.Bay","NA",20.5,"Laura","Yes","Yes","NA","2014-12_Geographe.Bay_stereoBRUVs.26",2,5,58,0,12,167,0,57.14,0,4.76,38.09,0,0
"2014-12_Geographe.Bay_stereoBRUVs","27",-33.5463667,115.1883833,20141209,07:00:00,"Geographe.Bay","NA",28.2,"Lauren","Yes","Yes","NA","2014-12_Geographe.Bay_stereoBRUVs.27",28,30,0,0,12,118,0,0,0,100,0,0,0
"2014-12_Geographe.Bay_stereoBRUVs","28",-33.42715,115.2872833,20141211,07:07:00,"Geographe.Bay","NA",34,"Lizzy","Yes","Yes","NA","2014-12_Geographe.Bay_stereoBRUVs.28",6,2,10,0,20,101,10,35,0,45,10,0,0
"2014-12_Geographe.Bay_stereoBRUVs","29",-33.4869667,115.1764,20141209,10:30:00,"Geographe.Bay","NA",34.3,"Lauren","Yes","Yes","NA","2014-12_Geographe.Bay_stereoBRUVs.29",14,0,17,3,15,145,70,0,0,0,10,20,0
"2014-12_Geographe.Bay_stereoBRUVs","30",-33.42405,115.33405,20141211,06:37:00,"Geographe.Bay","NA",31.8,"Lizzy","Yes","Yes","NA","2014-12_Geographe.Bay_stereoBRUVs.30",6,3,0,0,8,39,0,0,0,100,0,0,0
"2014-12_Geographe.Bay_stereoBRUVs","31",-33.5986333,115.2369167,20141212,05:55:00,"Geographe.Bay","NA",26.3,"laura","Yes","Yes","NA","2014-12_Geographe.Bay_stereoBRUVs.31",0,2,0,0,6,30,0,0,0,100,0,0,0
"2014-12_Geographe.Bay_stereoBRUVs","32",-33.4807833,115.46205,20141213,07:53:00,"Geographe.Bay","NA",14.1,"Laura","Yes","Yes","NA","2014-12_Geographe.Bay_stereoBRUVs.32",6,6,4,0,13,61,4.35,4.35,0,0,91.31,0,0
"2014-12_Geographe.Bay_stereoBRUVs","35",-33.4055,115.4157167,20141213,11:14:00,"Geographe.Bay","NA",27.9,"Lizzy","Yes","Yes","NA","2014-12_Geographe.Bay_stereoBRUVs.35",17,8,24,2,14,70,5.56,44.44,0,11.11,38.89,0,0
"2014-12_Geographe.Bay_stereoBRUVs","36",-33.4269,115.20765,20141210,11:17:00,"Geographe.Bay","NA",38.2,"Laura","Yes","Yes","NA","2014-12_Geographe.Bay_stereoBRUVs.36",31,0,0,0,7,55,0,0,0,100,0,0,0
"2014-12_Geographe.Bay_stereoBRUVs","37",-33.3585,115.3721,20141211,09:11:00,"Geographe.Bay","NA",30.3,"Lizzy","Yes","Yes","NA","2014-12_Geographe.Bay_stereoBRUVs.37",18,21,0,0,10,82,0,0,0,100,0,0,0
"2014-12_Geographe.Bay_stereoBRUVs","38",-33.5036833,115.1274333,20141209,12:45:00,"Geographe.Bay","NA",34.5,"Lizzy","Yes","Yes","NA","2014-12_Geographe.Bay_stereoBRUVs.38",32,6,0,0,13,67,0,0,0,100,0,0,0
"2014-12_Geographe.Bay_stereoBRUVs","39",-33.465,115.43285,20141211,13:20:00,"Geographe.Bay","NA",19.8,"Lizzy","Yes","Yes","NA","2014-12_Geographe.Bay_stereoBRUVs.39",2,31,9,2,15,84,0,8.7,0,52.17,39.14,0,0
"2014-12_Geographe.Bay_stereoBRUVs","40",-33.4719667,115.2287167,20141209,09:57:00,"Geographe.Bay","NA",33.7,"Lauren","Yes","Yes","NA","2014-12_Geographe.Bay_stereoBRUVs.40",10,0,0,0,7,57,0,0,0,100,0,0,0
"2014-12_Geographe.Bay_stereoBRUVs","41",-33.36785,115.0985833,20141210,07:35:00,"Geographe.Bay","NA",42.5,"Laura","Yes","Yes","NA","2014-12_Geographe.Bay_stereoBRUVs.41",0,0,0,0,6,21,0,0,0,100,0,0,0
"2014-12_Geographe.Bay_stereoBRUVs","42",-33.5425167,115.3862333,20141212,13:13:00,"Geographe.Bay","NA",13,"laura","Yes","Yes","NA","2014-12_Geographe.Bay_stereoBRUVs.42",0,4,2,0,11,42,0,4.76,0,0,95.24,0,0
"2014-12_Geographe.Bay_stereoBRUVs","44",-33.3984333,115.30965,20141211,06:54:00,"Geographe.Bay","NA",34.4,"Lauren","Yes","Yes","NA","2014-12_Geographe.Bay_stereoBRUVs.44",10,0,33,15,9,92,0,0,0,88.89,11.11,0,0
"2014-12_Geographe.Bay_stereoBRUVs","45",-33.4445667,115.13165,20141209,13:28:00,"Geographe.Bay","NA",41.1,"Lauren","Yes","Yes","NA","2014-12_Geographe.Bay_stereoBRUVs.45",0,24,0,0,9,52,0,0,0,100,0,0,0
"2014-12_Geographe.Bay_stereoBRUVs","47",-33.5485,115.2877667,20141212,10:29:00,"Geographe.Bay","NA",24.3,"Lauren","Yes","Yes","NA","2014-12_Geographe.Bay_stereoBRUVs.47",14,37,2,0,11,69,0,0,0,86.37,13.64,0,0
"2014-12_Geographe.Bay_stereoBRUVs","48",-33.40275,115.5133833,20141211,12:31:00,"Geographe.Bay","NA",17.2,"Lizzy","Yes","Yes","NA","2014-12_Geographe.Bay_stereoBRUVs.48",4,6,0,0,11,38,0,73.34,0,0,26.67,0,0
"2014-12_Geographe.Bay_stereoBRUVs","49",-33.3809167,115.2720667,20141210,13:51:00,"Geographe.Bay","NA",37.7,"Laura","Yes","Yes","NA","2014-12_Geographe.Bay_stereoBRUVs.49",0,15,0,0,6,33,0,0,0,100,0,0,0
"2014-12_Geographe.Bay_stereoBRUVs","53",-33.3582167,115.3565167,20141211,09:04:00,"Geographe.Bay","NA",31.4,"Lizzy","Yes","Yes","NA","2014-12_Geographe.Bay_stereoBRUVs.53",18,0,0,0,8,99,0,0,0,100,0,0,0
"2014-12_Geographe.Bay_stereoBRUVs","54",-33.51305,115.1532,20141209,10:47:00,"Geographe.Bay","NA",33.1,"Lizzy","Yes","Yes","NA","2014-12_Geographe.Bay_stereoBRUVs.54",0,18,51,24,15,121,0,0,0,47.62,47.62,4.76,0
"2014-12_Geographe.Bay_stereoBRUVs","55",-33.5708667,115.2801167,20141212,09:05:00,"Geographe.Bay","NA",22.2,"Lizzy","Yes","Yes","NA","2014-12_Geographe.Bay_stereoBRUVs.55",0,8,2,0,4,16,0,0,0,40,60,0,0
"2014-12_Geographe.Bay_stereoBRUVs","58",-33.56965,115.3795833,20141212,13:02:00,"Geographe.Bay","NA",13.5,"Lauren","Yes","Yes","NA","2014-12_Geographe.Bay_stereoBRUVs.58",14,22,0,0,9,53,0,20,0,0,80,0,0
"2014-12_Geographe.Bay_stereoBRUVs","60",-33.3626167,115.5049333,20141211,09:55:00,"Geographe.Bay","NA",21.5,"Lizzy","Yes","Yes","NA","2014-12_Geographe.Bay_stereoBRUVs.60",12,8,0,0,13,45,0,40.91,0,0,59.09,0,0
"2014-12_Geographe.Bay_stereoBRUVs","61",-33.4992833,115.1345167,20141209,12:50:00,"Geographe.Bay","NA",34.8,"Lauren","Yes","Yes","NA","2014-12_Geographe.Bay_stereoBRUVs.61",0,0,8,17,11,42,0,15,0,85,0,0,0
"2014-12_Geographe.Bay_stereoBRUVs","62",-33.4505,115.3306833,20141211,06:24:00,"Geographe.Bay","NA",29.3,"Lizzy","Yes","Yes","NA","2014-12_Geographe.Bay_stereoBRUVs.62",0,21,2,0,12,46,0,0,0,100,0,0,0
"2014-12_Geographe.Bay_stereoBRUVs","63",-33.50385,115.2562,20141209,06:29:00,"Geographe.Bay","NA",30,"Lauren","Yes","Yes","NA","2014-12_Geographe.Bay_stereoBRUVs.63",1,2,28,4,10,49,16.67,0,0,66.67,16.66,0,0
"2014-12_Geographe.Bay_stereoBRUVs","64",-33.4364167,115.50945,20141211,12:54:00,"Geographe.Bay","NA",14.2,"Lauren","Yes","Yes","NA","2014-12_Geographe.Bay_stereoBRUVs.64",4,9,10,0,15,52,0,23.81,0,0,76.19,0,0
"2014-12_Geographe.Bay_stereoBRUVs","65",-33.3597167,115.2047667,20141210,13:15:00,"Geographe.Bay","NA",39.4,"Lauren","Yes","Yes","NA","2014-12_Geographe.Bay_stereoBRUVs.65",2,3,0,0,4,17,0,0,0,100,0,0,0
"2014-12_Geographe.Bay_stereoBRUVs","67",-33.4783167,115.0859333,20141209,13:58:00,"Geographe.Bay","NA",39.4,"Damo","Yes","Yes","NA","2014-12_Geographe.Bay_stereoBRUVs.67",0,0,10,6,26,122,0,0,0,71.43,28.58,0,0
"2014-12_Geographe.Bay_stereoBRUVs","69",-33.3534333,115.4040333,20141211,09:23:00,"Geographe.Bay","NA",28.7,"Lizzy","Yes","Yes","NA","2014-12_Geographe.Bay_stereoBRUVs.69",144,0,0,0,8,235,0,0,0,100,0,0,0
"2014-12_Geographe.Bay_stereoBRUVs","70",-33.4158833,115.1513667,20141210,10:46:00,"Geographe.Bay","NA",41,"Lauren","Yes","Yes","NA","2014-12_Geographe.Bay_stereoBRUVs.70",0,6,4,2,8,25,0,0,0,100,0,0,0
"2014-12_Geographe.Bay_stereoBRUVs","71",-33.4270833,115.4286667,20141213,10:58:00,"Geographe.Bay","NA",24.4,"Lizzy","Yes","Yes","NA","2014-12_Geographe.Bay_stereoBRUVs.71",12,0,4,0,23,96,0,100,0,0,0,0,0
"2014-12_Geographe.Bay_stereoBRUVs","72",-33.4624833,115.32235,20141211,06:07:00,"Geographe.Bay","NA",29.4,"Lizzy","Yes","Yes","NA","2014-12_Geographe.Bay_stereoBRUVs.72",2,2,28,2,10,51,0,0,0,100,0,0,0
"2014-12_Geographe.Bay_stereoBRUVs","73",-33.3718,115.1456,20141210,10:10:00,"Geographe.Bay","NA",41.5,"Lauren","Yes","Yes","NA","2014-12_Geographe.Bay_stereoBRUVs.73",0,0,0,0,1,2,0,0,0,100,0,0,0
"2014-12_Geographe.Bay_stereoBRUVs","75",-33.5893333,115.29455,20141212,08:52:00,"Geographe.Bay","NA",16.6,"Lauren","Yes","Yes","NA","2014-12_Geographe.Bay_stereoBRUVs.75",0,42,8,0,14,80,0,0,0,0,100.01,0,0
"2014-12_Geographe.Bay_stereoBRUVs","76",-33.41295,115.2846833,20141211,07:01:00,"Geographe.Bay","NA",35.2,"Lizzy","Yes","Yes","NA","2014-12_Geographe.Bay_stereoBRUVs.76",6,2,0,0,6,85,0,0,0,100,0,0,0
"2014-12_Geographe.Bay_stereoBRUVs","77",-33.45575,115.1029,20141209,13:50:00,"Geographe.Bay","NA",40.8,"Lauren","Yes","Yes","NA","2014-12_Geographe.Bay_stereoBRUVs.77",13,0,29,0,14,92,0,0,0,100,0,0,0
"2014-12_Geographe.Bay_stereoBRUVs","78",-33.5076,115.4437667,20141213,06:18:00,"Geographe.Bay","NA",13.4,"Lauren","Yes","Yes","NA","2014-12_Geographe.Bay_stereoBRUVs.78",10,2,3,2,15,44,0,69.57,0,0,30.43,0,0
"2014-12_Geographe.Bay_stereoBRUVs","79",-33.5874,115.2308833,20141212,08:16:00,"Geographe.Bay","NA",18.5,"Lauren","Yes","Yes","NA","2014-12_Geographe.Bay_stereoBRUVs.79",0,11,0,2,6,27,0,0,0,100,0,0,0
"2014-12_Geographe.Bay_stereoBRUVs","81",-33.3788167,115.23045,20141210,14:18:00,"Geographe.Bay","NA",38.9,"Laura","Yes","Yes","NA","2014-12_Geographe.Bay_stereoBRUVs.81",128,39,0,0,14,322,0,0,0,80,20,0,0
"2014-12_Geographe.Bay_stereoBRUVs","82",-33.3955167,115.1102833,20141210,07:49:00,"Geographe.Bay","NA",42.6,"laura","Yes","Yes","NA","2014-12_Geographe.Bay_stereoBRUVs.82",154,2,1,0,7,458,0,0,0,100,0,0,0
"2014-12_Geographe.Bay_stereoBRUVs","83",-33.46935,115.37905,20141213,10:26:00,"Geographe.Bay","NA",24.6,"Lauren","Yes","Yes","NA","2014-12_Geographe.Bay_stereoBRUVs.83",0,86,0,0,8,101,0,20,0,0,80,0,0
"2014-12_Geographe.Bay_stereoBRUVs","84",-33.3964667,115.1924,20141210,11:28:00,"Geographe.Bay","NA",41,"Lizzy","Yes","Yes","NA","2014-12_Geographe.Bay_stereoBRUVs.84",2,4,24,12,13,174,0,0,0,100,0,0,0
"2014-12_Geographe.Bay_stereoBRUVs","86",-33.5405167,115.1785167,20141209,07:24:00,"Geographe.Bay","NA",28.6,"Lizzy","Yes","Yes","NA","2014-12_Geographe.Bay_stereoBRUVs.86",16,45,0,0,13,95,0,0,0,36.84,63.16,0,0
"2014-12_Geographe.Bay_stereoBRUVs","87",-33.4896,115.4589333,20141213,07:49:00,"Geographe.Bay","NA",13,"Lauren","Yes","Yes","NA","2014-12_Geographe.Bay_stereoBRUVs.87",2,0,5,0,22,127,23.53,76.47,0,0,0,0,0
"2014-12_Geographe.Bay_stereoBRUVs","88",-33.5010667,115.2145333,20141209,09:45:00,"Geographe.Bay","NA",31.4,"Laura","Yes","Yes","NA","2014-12_Geographe.Bay_stereoBRUVs.88",50,0,0,0,10,143,0,0,0,100,0,0,0
"2014-12_Geographe.Bay_stereoBRUVs","90",-33.5333167,115.3224833,20141212,10:53:00,"Geographe.Bay","NA",22,"Laura","Yes","Yes","NA","2014-12_Geographe.Bay_stereoBRUVs.90",2,5,15,0,13,46,0,0,0,0,100,0,0
"2014-12_Geographe.Bay_stereoBRUVs","91",-33.5396,115.2060833,20141209,06:54:00,"Geographe.Bay","NA",29.8,"Laura","Yes","Yes","NA","2014-12_Geographe.Bay_stereoBRUVs.91",0,16,0,2,9,40,0,0,0,100,0,0,0
"2014-12_Geographe.Bay_stereoBRUVs","92",-33.4175833,115.3149833,20141211,06:43:00,"Geographe.Bay","NA",33,"Lauren","Yes","Yes","NA","2014-12_Geographe.Bay_stereoBRUVs.92",197,14,0,0,10,618,0,0,0,66.67,33.33,0,0
"2014-12_Geographe.Bay_stereoBRUVs","95",-33.5175,115.3155333,20141212,10:42:00,"Geographe.Bay","NA",24.9,"Lauren","Yes","Yes","NA","2014-12_Geographe.Bay_stereoBRUVs.95",0,4,35,6,10,80,0,95,0,0,0,5,0
"2014-12_Geographe.Bay_stereoBRUVs","96",-33.4489,115.4808167,20141211,13:04:00,"Geographe.Bay","NA",15.9,"Lauren","Yes","Yes","NA","2014-12_Geographe.Bay_stereoBRUVs.96",0,14,0,0,5,27,20,20,0,0,60,0,0
"2014-12_Geographe.Bay_stereoBRUVs","97",-33.38465,115.2926667,20141211,08:43:00,"Geographe.Bay","NA",35.6,"Lizzy","Yes","Yes","NA","2014-12_Geographe.Bay_stereoBRUVs.97",0,0,42,0,7,66,0,5,0,85,5,5,0
"2014-12_Geographe.Bay_stereoBRUVs","102",-33.5185,115.1196,20141209,12:39:00,"Geographe.Bay","NA",34.4,"Lizzy","Yes","Yes","NA","2014-12_Geographe.Bay_stereoBRUVs.102",13,6,0,0,15,271,0,0,0,100,0,0,0
"2014-12_Geographe.Bay_stereoBRUVs","103",-33.4581167,115.4547167,20141211,13:12:00,"Geographe.Bay","NA",18.4,"Lauren","Yes","Yes","NA","2014-12_Geographe.Bay_stereoBRUVs.103",16,59,39,2,17,250,0,31.82,0,9.09,59.09,0,0
"2014-12_Geographe.Bay_stereoBRUVs","106",-33.57825,115.3451333,20141212,11:27:00,"Geographe.Bay","NA",13.5,"laura","Yes","Yes","NA","2014-12_Geographe.Bay_stereoBRUVs.106",0,2,10,0,9,41,0,0,0,0,100,0,0
"2014-12_Geographe.Bay_stereoBRUVs","107",-33.5833333,115.1881167,20141215,08:56:00,"Geographe.Bay","NA",20.9,"Lizzy","Yes","Yes","NA","2014-12_Geographe.Bay_stereoBRUVs.107",0,36,34,8,10,98,0,28,0,8,64,0,0
"2014-12_Geographe.Bay_stereoBRUVs","108",-33.4690833,115.1676667,20141209,13:09:00,"Geographe.Bay","NA",35,"Laura","Yes","Yes","NA","2014-12_Geographe.Bay_stereoBRUVs.108",96,23,0,0,11,137,0,0,0,100,0,0,0
"2014-12_Geographe.Bay_stereoBRUVs","111",-33.5369,115.3219167,20141212,10:55:00,"Geographe.Bay","NA",21.9,"Laura","Yes","Yes","NA","2014-12_Geographe.Bay_stereoBRUVs.111",30,14,6,0,12,72,0,25,0,5,70,0,0
"2014-12_Geographe.Bay_stereoBRUVs","112",-33.4052,115.5224,20141211,12:35:00,"Geographe.Bay","NA",14.8,"Laura","Yes","Yes","NA","2014-12_Geographe.Bay_stereoBRUVs.112",0,17,2,4,13,50,42.31,0,0,0,57.7,0,0
"2014-12_Geographe.Bay_stereoBRUVs","115",-33.4446333,115.4064667,20141213,10:46:00,"Geographe.Bay","NA",25.2,"Laura","Yes","Yes","NA","2014-12_Geographe.Bay_stereoBRUVs.115",36,12,0,0,10,74,0,0,0,100,0,0,0
"2014-12_Geographe.Bay_stereoBRUVs","116",-33.4981667,115.2863667,20141209,06:20:00,"Geographe.Bay","NA",29.7,"Laura","Yes","Yes","NA","2014-12_Geographe.Bay_stereoBRUVs.116",0,24,7,0,8,55,0,0,0,100,0,0,0
"2014-12_Geographe.Bay_stereoBRUVs","122",-33.5375,115.4020833,20141213,05:48:00,"Geographe.Bay","NA",13.3,"Lauren","Yes","Yes","NA","2014-12_Geographe.Bay_stereoBRUVs.122",10,55,6,0,11,89,0,4.76,0,19.05,76.19,0,0
"2014-12_Geographe.Bay_stereoBRUVs","135",-33.50185,115.4207333,20141216,12:54:00,"Geographe.Bay","NA",15.8,"Lauren","Yes","Yes","NA","2014-12_Geographe.Bay_stereoBRUVs.135",6,4,12,0,12,57,0,60,0,0,35,5,0
"2014-12_Geographe.Bay_stereoBRUVs","143",-33.5761667,115.2367,20141215,13:24:00,"Geographe.Bay","NA",23.2,"Lizzy","Yes","Yes","NA","2014-12_Geographe.Bay_stereoBRUVs.143",37,0,8,3,24,344,0,100,0,0,0,0,0
"2014-12_Geographe.Bay_stereoBRUVs","160",-33.6033667,115.2477833,20141216,15:24:00,"Geographe.Bay","NA",13.8,"Lauren","Yes","Yes","NA","2014-12_Geographe.Bay_stereoBRUVs.160",0,4,0,0,5,14,0,0,0,0,100,0,0
"2014-12_Geographe.Bay_stereoBRUVs","167",-33.4627333,115.4805667,20141216,09:25:00,"Geographe.Bay","NA",14.4,"Laura","Yes","Yes","NA","2014-12_Geographe.Bay_stereoBRUVs.167",53,6,2,2,11,87,0,44.45,0,0,55.56,0,0
"2014-12_Geographe.Bay_stereoBRUVs","170",-33.54165,115.3698333,20141216,13:39:00,"Geographe.Bay","NA",15.8,"Lizzy","Yes","Yes","NA","2014-12_Geographe.Bay_stereoBRUVs.170",0,6,0,0,12,49,0,10,0,0,90,0,0
"2014-12_Geographe.Bay_stereoBRUVs","183",-33.5687667,115.2488,20141215,13:29:00,"Geographe.Bay","NA",22.6,"Lizzy","Yes","Yes","NA","2014-12_Geographe.Bay_stereoBRUVs.183",70,31,14,0,10,192,0,0,0,11.11,88.88,0,0
"2014-12_Geographe.Bay_stereoBRUVs","196",-33.5098167,115.4045,20141216,12:49:00,"Geographe.Bay","NA",15.9,"Lauren","Yes","Yes","NA","2014-12_Geographe.Bay_stereoBRUVs.196",185,6,32,0,10,241,0,6.67,0,0,93.33,0,0
"2014-12_Geographe.Bay_stereoBRUVs","207",-33.5738333,115.23165,20141212,08:06:00,"Geographe.Bay","NA",23.3,"Lizzy","Yes","Yes","NA","2014-12_Geographe.Bay_stereoBRUVs.207",6,22,0,0,8,49,0,0,0,100,0,0,0
"2014-12_Geographe.Bay_stereoBRUVs","224",-33.4189,115.5035833,20141216,06:59:00,"Geographe.Bay","NA",16.5,"Lauren","Yes","Yes","NA","2014-12_Geographe.Bay_stereoBRUVs.224",7,3,1,0,16,59,0,100,0,0,0,0,0
"2014-12_Geographe.Bay_stereoBRUVs","240",-33.4387833,115.4684667,20141216,08:56:00,"Geographe.Bay","NA",18.9,"Lizzy","Yes","Yes","NA","2014-12_Geographe.Bay_stereoBRUVs.240",0,3,4,0,11,104,0,73.68,0,18.42,7.89,0,0
"2014-12_Geographe.Bay_stereoBRUVs","256",-33.4083167,115.4774833,20141214,13:12:00,"Geographe.Bay","NA",11.1,"Lizzy","Yes","Yes","NA","2014-12_Geographe.Bay_stereoBRUVs.256",42,0,8,4,19,110,0,88,0,12,0,0,0
"2014-12_Geographe.Bay_stereoBRUVs","270",-33.52045,115.4206,20141213,06:00:00,"Geographe.Bay","NA",13.7,"Laura","Yes","Yes","NA","2014-12_Geographe.Bay_stereoBRUVs.270",10,8,2,0,9,45,0,0,0,0,100,0,0
"2014-12_Geographe.Bay_stereoBRUVs","271",-33.5937,115.2133167,20141212,06:06:00,"Geographe.Bay","NA",27.3,"Laura","Yes","Yes","NA","2014-12_Geographe.Bay_stereoBRUVs.271",5,0,75,2,19,190,0,86.67,0,0,13.33,0,0
"2014-12_Geographe.Bay_stereoBRUVs","272",-33.3815,115.4879333,20141214,08:37:00,"Geographe.Bay","NA",11.7,"Lizzy","Yes","Yes","NA","2014-12_Geographe.Bay_stereoBRUVs.272",20,22,27,0,14,108,5,95,0,0,0,0,0
"2014-12_Geographe.Bay_stereoBRUVs","282",-33.5571833,115.3322333,20141217,08:02:00,"Geographe.Bay","NA",18.2,"Laura","Yes","Yes","NA","2014-12_Geographe.Bay_stereoBRUVs.282",9,6,5,0,14,68,19.05,14.28,0,0,66.66,0,0
"2014-12_Geographe.Bay_stereoBRUVs","287",-33.5940333,115.2189,20141215,10:50:00,"Geographe.Bay","NA",16.4,"Lizzy","Yes","Yes","NA","2014-12_Geographe.Bay_stereoBRUVs.287",8,0,36,2,17,185,15,0,0,15,70,0,0
"2014-12_Geographe.Bay_stereoBRUVs","288",-33.4709833,115.4775833,20141216,09:29:00,"Geographe.Bay","NA",14.3,"Laura","Yes","Yes","NA","2014-12_Geographe.Bay_stereoBRUVs.288",12,6,2,0,14,45,5,65,0,5,25,0,0
"2014-12_Geographe.Bay_stereoBRUVs","327",-33.4892333,115.3942,20141214,14:10:00,"Geographe.Bay","NA",11.8,"Damon","Yes","Yes","NA","2014-12_Geographe.Bay_stereoBRUVs.327",2,2,30,0,17,77,5,75,0,15,5,0,0
"2014-12_Geographe.Bay_stereoBRUVs","331",-33.6030833,115.2530333,20141215,13:46:00,"Geographe.Bay","NA",14.3,"Lizzy","Yes","Yes","NA","2014-12_Geographe.Bay_stereoBRUVs.331",10,0,31,16,13,87,0,38.89,0,0,61.12,0,0
"2014-12_Geographe.Bay_stereoBRUVs","335",-33.5771167,115.2266667,20141212,08:09:00,"Geographe.Bay","NA",21.6,"Lauren","Yes","Yes","NA","2014-12_Geographe.Bay_stereoBRUVs.335",0,35,0,0,7,50,0,42.86,0,21.43,35.71,0,0
"2014-12_Geographe.Bay_stereoBRUVs","375",-33.5902167,115.2205667,20141212,06:14:00,"Geographe.Bay","NA",26.9,"Laura","Yes","Yes","NA","2014-12_Geographe.Bay_stereoBRUVs.375",2,16,26,0,27,94,0,0,0,0,100,0,0
"2014-12_Geographe.Bay_stereoBRUVs","378",-33.5555833,115.3912,20141212,13:08:00,"Geographe.Bay","NA",13.3,"Lauren","Yes","Yes","NA","2014-12_Geographe.Bay_stereoBRUVs.378",35,19,8,0,13,156,0,0,0,10,90,0,0
"2014-12_Geographe.Bay_stereoBRUVs","384",-33.4274667,115.51415,20141216,06:54:00,"Geographe.Bay","NA",13.5,"Lauren","Yes","Yes","NA","2014-12_Geographe.Bay_stereoBRUVs.384",24,0,11,0,23,158,26.32,68.42,0,0,0,5.26,0
"2014-12_Geographe.Bay_stereoBRUVs","391",-33.50165,115.4101333,20141213,08:23:00,"Geographe.Bay","NA",17,"Lizzy","Yes","Yes","NA","2014-12_Geographe.Bay_stereoBRUVs.391",4,10,9,0,17,275,6.67,0,0,13.33,80,0,0
"2014-12_Geographe.Bay_stereoBRUVs","394",-33.5181,115.3820167,20141216,13:18:00,"Geographe.Bay","NA",19,"Lizzy","Yes","Yes","NA","2014-12_Geographe.Bay_stereoBRUVs.394",4,2,6,0,16,120,0,0,0,0,100,0,0
"2014-12_Geographe.Bay_stereoBRUVs","400",-33.3575833,115.5516833,20141214,08:58:00,"Geographe.Bay","NA",9.8,"Damon","Yes","Yes","NA","2014-12_Geographe.Bay_stereoBRUVs.400",0,36,0,0,6,64,5,45,0,30,20,0,0
"2014-12_Geographe.Bay_stereoBRUVs","407",-33.4881667,115.4274667,20141213,08:13:00,"Geographe.Bay","NA",16.2,"Lauren","Yes","Yes","NA","2014-12_Geographe.Bay_stereoBRUVs.407",7,0,62,2,21,113,0,20,0,10,70,0,0
"2014-12_Geographe.Bay_stereoBRUVs","443",-33.5698,115.2024833,20141212,06:34:00,"Geographe.Bay","NA",27,"Laura","Yes","Yes","NA","2014-12_Geographe.Bay_stereoBRUVs.443",12,17,11,2,13,64,0,5,0,25,70,0,0
"2014-12_Geographe.Bay_stereoBRUVs","455",-33.5671333,115.1820333,20141215,08:42:00,"Geographe.Bay","NA",24.9,"Lizzy","Yes","Yes","NA","2014-12_Geographe.Bay_stereoBRUVs.455",0,43,0,10,11,79,0,0,0,73.68,26.31,0,0
"2014-12_Geographe.Bay_stereoBRUVs","490",-33.5613,115.3612,20141217,06:20:00,"Geographe.Bay","NA",13.4,"Lizzy","Yes","Yes","NA","2014-12_Geographe.Bay_stereoBRUVs.490",67,4,7,0,14,149,0,100,0,0,0,0,0
"2014-12_Geographe.Bay_stereoBRUVs","506",-33.5173833,115.4165,20141216,11:23:00,"Geographe.Bay","NA",14.1,"Lizzy","Yes","Yes","NA","2014-12_Geographe.Bay_stereoBRUVs.506",1,0,84,4,12,159,0,85,0,0,15,0,0
"2014-12_Geographe.Bay_stereoBRUVs","523",-33.5634333,115.1589167,20141215,08:35:00,"Geographe.Bay","NA",26,"Laura","Yes","Yes","NA","2014-12_Geographe.Bay_stereoBRUVs.523",28,18,1,0,15,95,0,0,0,5,95,0,0
"2014-12_Geographe.Bay_stereoBRUVs","527",-33.5894167,115.2078167,20141212,06:16:00,"Geographe.Bay","NA",26.8,"laura","Yes","Yes","NA","2014-12_Geographe.Bay_stereoBRUVs.527",28,30,41,0,18,155,0,0,0,0,100,0,0
"2014-12_Geographe.Bay_stereoBRUVs","554",-33.55765,115.3835167,20141217,06:13:00,"Geographe.Bay","NA",12.3,"Laura","Yes","Yes","NA","2014-12_Geographe.Bay_stereoBRUVs.554",6,2,3,0,12,74,0,0,0,0,100,0,0
"2014-12_Geographe.Bay_stereoBRUVs","583",-33.47835,115.3932,20141214,13:55:00,"Geographe.Bay","NA",12,"Damon","Yes","Yes","NA","2014-12_Geographe.Bay_stereoBRUVs.583",56,2,4,2,27,153,0,69.57,0,0,21.74,8.7,0
"2014-12_Geographe.Bay_stereoBRUVs","599",-33.5021167,115.4508,20141213,06:22:00,"Geographe.Bay","NA",13.9,"Laura","Yes","Yes","NA","2014-12_Geographe.Bay_stereoBRUVs.599",0,4,15,2,17,123,0,78.27,0,4.35,17.39,0,0
"2014-12_Geographe.Bay_stereoBRUVs","624",-33.4209667,115.4918833,20141216,07:03:00,"Geographe.Bay","NA",17.5,"Lizzy","Yes","Yes","NA","2014-12_Geographe.Bay_stereoBRUVs.624",0,4,4,0,15,43,0,100,0,0,0,0,0
"2014-12_Geographe.Bay_stereoBRUVs","634",-33.5336667,115.4141167,20141216,15:30:00,"Geographe.Bay","NA",13,"Laura","Yes","Yes","NA","2014-12_Geographe.Bay_stereoBRUVs.634",0,6,5,0,14,49,0,81.82,0,0,18.18,0,0
"2014-12_Geographe.Bay_stereoBRUVs","647",-33.4926,115.42465,20141213,08:17:00,"Geographe.Bay","NA",15.3,"Lauren","Yes","Yes","NA","2014-12_Geographe.Bay_stereoBRUVs.647",4,22,2,0,13,74,0,0,0,0,100,0,0
"2014-12_Geographe.Bay_stereoBRUVs","666",-33.5511167,115.35715,20141217,06:25:00,"Geographe.Bay","NA",15.6,"Lizzy","Yes","Yes","NA","2014-12_Geographe.Bay_stereoBRUVs.666",9,0,78,0,13,192,4.76,0,0,52.38,42.86,0,0
"2014-12_Geographe.Bay_stereoBRUVs","682",-33.5696167,115.3354167,20141217,07:57:00,"Geographe.Bay","NA",15.2,"Damon","Yes","Yes","NA","2014-12_Geographe.Bay_stereoBRUVs.682",4,0,7,0,22,194,0,100,0,0,0,0,0
"2014-12_Geographe.Bay_stereoBRUVs","694",-33.5280667,115.34985,20141216,13:32:00,"Geographe.Bay","NA",21.3,"Lizzy","Yes","Yes","NA","2014-12_Geographe.Bay_stereoBRUVs.694",52,13,13,0,19,136,0,72.22,0,0,27.79,0,0
"2014-12_Geographe.Bay_stereoBRUVs","698",-33.5246167,115.4035333,20141212,13:25:00,"Geographe.Bay","NA",14,"Lizzy","Yes","Yes","NA","2014-12_Geographe.Bay_stereoBRUVs.698",0,4,21,2,16,66,0,4.76,0,0,95.24,0,0
"2014-12_Geographe.Bay_stereoBRUVs","719",-33.6009667,115.23245,20141212,05:59:00,"Geographe.Bay","NA",26.3,"Laura","Yes","Yes","NA","2014-12_Geographe.Bay_stereoBRUVs.719",0,8,16,0,9,71,8.7,0,0,91.3,0,0,0
"2014-12_Geographe.Bay_stereoBRUVs","746",-33.5794333,115.3570667,20141217,05:45:00,"Geographe.Bay","NA",13.2,"Damon","Yes","Yes","NA","2014-12_Geographe.Bay_stereoBRUVs.746",0,71,0,0,5,83,0,0,0,100,0,0,0
"2014-12_Geographe.Bay_stereoBRUVs","748",-33.3695667,115.5138333,20141214,08:46:00,"Geographe.Bay","NA",11.1,"Lizzy","Yes","Yes","NA","2014-12_Geographe.Bay_stereoBRUVs.748",11,16,0,0,14,57,10,30,0,0,60,0,0
"2014-12_Geographe.Bay_stereoBRUVs","764",-33.3744333,115.49605,20141214,08:43:00,"Geographe.Bay","NA",11.6,"Lauren","Yes","Yes","NA","2014-12_Geographe.Bay_stereoBRUVs.764",6,7,4,0,18,167,0,25,0,0,75,0,0
"2014-12_Geographe.Bay_stereoBRUVs","782",-33.5142,115.4368333,20141213,06:06:00,"Geographe.Bay","NA",13.7,"Laura","Yes","Yes","NA","2014-12_Geographe.Bay_stereoBRUVs.782",8,6,6,2,15,59,0,0,0,0,100,0,0
"2014-12_Geographe.Bay_stereoBRUVs","783",-33.5817167,115.2263667,20141212,08:12:00,"Geographe.Bay","NA",21.5,"Lauren","Yes","Yes","NA","2014-12_Geographe.Bay_stereoBRUVs.783",2,2,6,0,11,36,0,27.78,0,16.67,55.55,0,0
"2014-12_Geographe.Bay_stereoBRUVs","791",-33.4851333,115.4435167,20141213,08:03:00,"Geographe.Bay","NA",15,"Lizzy","Yes","Yes","NA","2014-12_Geographe.Bay_stereoBRUVs.791",0,2,62,0,14,115,0,60,0,16,24,0,0
"2014-12_Geographe.Bay_stereoBRUVs","800",-33.5731667,115.1934833,20141215,08:48:00,"Geographe.Bay","NA",22.9,"Laura","Yes","Yes","NA","2014-12_Geographe.Bay_stereoBRUVs.800",0,8,23,0,14,86,13.33,26.67,0,40,13.33,6.67,0
"2014-12_Geographe.Bay_stereoBRUVs","810",-33.5513333,115.3766,20141216,13:44:00,"Geographe.Bay","NA",14.3,"Lizzy","Yes","Yes","NA","2014-12_Geographe.Bay_stereoBRUVs.810",4,4,5,0,19,79,0,40.91,0,31.82,27.28,0,0
"2014-12_Geographe.Bay_stereoBRUVs","826",-33.5426833,115.4005833,20141213,05:45:00,"Geographe.Bay","NA",12.8,"Lizzy","Yes","Yes","NA","2014-12_Geographe.Bay_stereoBRUVs.826",9,8,49,0,13,134,0,0,0,10,90,0,0
"2014-12_Geographe.Bay_stereoBRUVs","848",-33.35185,115.5323,20141214,08:53:00,"Geographe.Bay","NA",10.4,"Lauren","Yes","Yes","NA","2014-12_Geographe.Bay_stereoBRUVs.848",6,4,4,0,13,55,0,86.36,0,0,13.64,0,0
"2014-12_Geographe.Bay_stereoBRUVs","855",-33.4901,115.4357667,20141213,08:09:00,"Geographe.Bay","NA",15.2,"Lauren","Yes","Yes","NA","2014-12_Geographe.Bay_stereoBRUVs.855",65,0,9,0,17,159,0,35,0,5,60,0,0
"2014-12_Geographe.Bay_stereoBRUVs","858",-33.5573167,115.3461833,20141217,06:29:00,"Geographe.Bay","NA",16.6,"Damon","Yes","Yes","NA","2014-12_Geographe.Bay_stereoBRUVs.858",24,0,116,0,11,160,0,12.5,0,87.5,0,0,0
"2014-12_Geographe.Bay_stereoBRUVs","10001",-33.4217167,115.3722167,20141214,06:17:00,"Geographe.Bay","NA",15.9,"Lauren","Yes","Yes","NA","2014-12_Geographe.Bay_stereoBRUVs.10001",99,10,0,0,12,162,0,42.11,0,47.37,10.53,0,0
"2014-12_Geographe.Bay_stereoBRUVs","11R2",-33.3967333,115.5076167,20141211,12:26:00,"Geographe.Bay","NA",18.6,"Lizzy","Yes","Yes","NA","2014-12_Geographe.Bay_stereoBRUVs.11R2",4,87,0,0,9,116,0,43.48,0,4.35,52.17,0,0
"2014-12_Geographe.Bay_stereoBRUVs","11R3",-33.41215,115.5204667,20141211,12:40:00,"Geographe.Bay","NA",14.7,"Lauren","Yes","Yes","NA","2014-12_Geographe.Bay_stereoBRUVs.11R3",1,6,0,0,9,24,0,0,0,0,100,0,0
"2014-12_Geographe.Bay_stereoBRUVs","11R4",-33.4197,115.51755,20141211,12:48:00,"Geographe.Bay","NA",14.5,"Lauren","Yes","Yes","NA","2014-12_Geographe.Bay_stereoBRUVs.11R4",0,0,4,0,23,177,54.16,45.83,0,0,0,0,0
"2014-12_Geographe.Bay_stereoBRUVs","12RC1",-33.5932167,115.2132833,20141212,06:09:00,"Geographe.Bay","NA",26.5,"Laura","Yes","Yes","NA","2014-12_Geographe.Bay_stereoBRUVs.12RC1",2,0,51,0,24,138,0,30,0,20,0,0,50
"2014-12_Geographe.Bay_stereoBRUVs","12RC6",-33.5711,115.3481333,20141212,11:22:00,"Geographe.Bay","NA",14.7,"laura","Yes","Yes","NA","2014-12_Geographe.Bay_stereoBRUVs.12RC6",137,2,55,0,21,244,0,100,0,0,0,0,0
"2014-12_Geographe.Bay_stereoBRUVs","12RC7",-33.5118,115.41785,20141212,13:38:00,"Geographe.Bay","NA",15.2,"laura","Yes","Yes","NA","2014-12_Geographe.Bay_stereoBRUVs.12RC7",0,0,92,0,23,215,20,80,0,0,0,0,0
"2014-12_Geographe.Bay_stereoBRUVs","12RC8",-33.5148667,115.41815,20141212,13:41:00,"Geographe.Bay","NA",14.1,"laura","Yes","Yes","NA","2014-12_Geographe.Bay_stereoBRUVs.12RC8",0,0,16,0,18,97,65.39,34.62,0,0,0,0,0
"2014-12_Geographe.Bay_stereoBRUVs","13RC1",-33.5059833,115.43075,20141213,06:11:00,"Geographe.Bay","NA",13.8,"Lauren","Yes","Yes","NA","2014-12_Geographe.Bay_stereoBRUVs.13RC1",41,0,0,0,19,115,24,76,0,0,0,0,0
"2014-12_Geographe.Bay_stereoBRUVs","13RC11",-33.3740333,115.36925,20141213,13:23:00,"Geographe.Bay","NA",31,"Laura","Yes","Yes","NA","2014-12_Geographe.Bay_stereoBRUVs.13RC11",24,4,21,0,12,71,0,0,0,14.28,85.71,0,0
"2014-12_Geographe.Bay_stereoBRUVs","13RC12",-33.3743667,115.3668167,20141213,13:25:00,"Geographe.Bay","NA",31.3,"Laura","Yes","Yes","NA","2014-12_Geographe.Bay_stereoBRUVs.13RC12",8,73,2,4,11,105,0,0,0,47.62,52.38,0,0
"2014-12_Geographe.Bay_stereoBRUVs","13RC15",-33.3768333,115.3559333,20141213,13:39:00,"Geographe.Bay","NA",32.5,"Laura","Yes","Yes","NA","2014-12_Geographe.Bay_stereoBRUVs.13RC15",106,4,21,2,13,149,6.25,37.5,0,6.25,50,0,0
"2014-12_Geographe.Bay_stereoBRUVs","13RC4",-33.4993833,115.3964667,20141213,08:30:00,"Geographe.Bay","NA",19.5,"Lizzy","Yes","Yes","NA","2014-12_Geographe.Bay_stereoBRUVs.13RC4",10,4,19,0,21,112,0,28.57,0,0,71.43,0,0
"2014-12_Geographe.Bay_stereoBRUVs","13RC6",-33.3809667,115.3892333,20141213,13:07:00,"Geographe.Bay","NA",29.7,"Lauren","Yes","Yes","NA","2014-12_Geographe.Bay_stereoBRUVs.13RC6",0,4,14,2,18,50,0,0,0,89.47,10.53,0,0
"2014-12_Geographe.Bay_stereoBRUVs","13RC8",-33.3726,115.3791,20141213,13:14:00,"Geographe.Bay","NA",30.4,"Lizzy","Yes","Yes","NA","2014-12_Geographe.Bay_stereoBRUVs.13RC8",0,12,17,0,8,47,0,0,0,60,40,0,0
"2014-12_Geographe.Bay_stereoBRUVs","13RC9",-33.3730667,115.3747833,20141213,13:18:00,"Geographe.Bay","NA",30.9,"Lauren","Yes","Yes","NA","2014-12_Geographe.Bay_stereoBRUVs.13RC9",2,5,22,2,11,53,13.64,4.55,0,50,31.83,0,0
"2014-12_Geographe.Bay_stereoBRUVs","GBR1-2",-33.5936,115.1995333,20141217,12:05:00,"Geographe.Bay","NA",16,"Lizzy","Yes","Yes","NA","2014-12_Geographe.Bay_stereoBRUVs.GBR1-2",8,0,36,0,23,184,0,100,0,0,0,0,0
"2014-12_Geographe.Bay_stereoBRUVs","GBR1-3",-33.5937833,115.2022833,20141217,12:07:00,"Geographe.Bay","NA",15.8,"Damon","Yes","Yes","NA","2014-12_Geographe.Bay_stereoBRUVs.GBR1-3",13,0,40,0,12,76,0,0,0,0,100,0,0
"2014-12_Geographe.Bay_stereoBRUVs","GBR1-4",-33.59345,115.2055167,20141217,12:09:00,"Geographe.Bay","NA",16.8,"Lauren","Yes","Yes","NA","2014-12_Geographe.Bay_stereoBRUVs.GBR1-4",10,0,32,0,25,304,0,100,0,0,0,0,0
"2014-12_Geographe.Bay_stereoBRUVs","GBR4-1",-33.5933333,115.2080833,20141217,12:11:00,"Geographe.Bay","NA",16.1,"Damon","Yes","Yes","NA","2014-12_Geographe.Bay_stereoBRUVs.GBR4-1",12,0,15,0,28,346,0,100,0,0,0,0,0
"2014-12_Geographe.Bay_stereoBRUVs","GBR4-2",-33.5928333,115.2102333,20141217,12:13:00,"Geographe.Bay","NA",16.3,"Lauren","Yes","Yes","NA","2014-12_Geographe.Bay_stereoBRUVs.GBR4-2",12,0,18,0,12,62,0,93.75,6.25,0,0,0,0
"2014-12_Geographe.Bay_stereoBRUVs","GBR5-1",-33.5932167,115.2119333,20141217,12:15:00,"Geographe.Bay","NA",16.2,"Laura","Yes","Yes","NA","2014-12_Geographe.Bay_stereoBRUVs.GBR5-1",8,0,53,0,28,186,0,100,0,0,0,0,0
"2014-12_Geographe.Bay_stereoBRUVs","GBR5-2",-33.5927333,115.2148,20141217,12:17:00,"Geographe.Bay","NA",16.6,"Laura","Yes","Yes","NA","2014-12_Geographe.Bay_stereoBRUVs.GBR5-2",0,2,59,0,15,107,0,0,0,21.05,78.95,0,0
"2014-12_Geographe.Bay_stereoBRUVs","GBR5-3",-33.5924167,115.2175167,20141217,12:19:00,"Geographe.Bay","NA",16.4,"Lizzy","Yes","Yes","NA","2014-12_Geographe.Bay_stereoBRUVs.GBR5-3",0,2,35,0,11,70,0,0,0,0,100,0,0
"2014-12_Geographe.Bay_stereoBRUVs","RB1",-33.53455,115.2176667,20141209,06:49:00,"Geographe.Bay","NA",28,"Lizzy","Yes","Yes","NA","2014-12_Geographe.Bay_stereoBRUVs.RB1",0,6,0,0,6,19,0,0,0,100,0,0,0
"2014-12_Geographe.Bay_stereoBRUVs","RB2",-33.5085667,115.2254833,20141209,09:39:00,"Geographe.Bay","NA",30,"Lizzy","Yes","Yes","NA","2014-12_Geographe.Bay_stereoBRUVs.RB2",12,47,0,0,15,128,0,0,0,23.08,76.92,0,0
"2014-12_Geographe.Bay_stereoBRUVs","RC1",-33.4628,115.23995,20141209,10:09:00,"Geographe.Bay","NA",34.2,"Laura","Yes","Yes","NA","2014-12_Geographe.Bay_stereoBRUVs.RC1",73,0,40,12,25,257,12.5,12.5,0,54.17,20.83,0,0
"2014-12_Geographe.Bay_stereoBRUVs","RC2",-33.48635,115.1780333,20141209,10:34:00,"Geographe.Bay","NA",34.3,"Lizzy","Yes","Yes","NA","2014-12_Geographe.Bay_stereoBRUVs.RC2",0,0,18,2,27,256,5,20,0,5,40,30,0
"2014-12_Geographe.Bay_stereoBRUVs","RC3",-33.4704833,115.1684167,20141209,13:11:00,"Geographe.Bay","NA",35,"Lauren","Yes","Yes","NA","2014-12_Geographe.Bay_stereoBRUVs.RC3",13,0,16,2,28,155,0,7.69,7.69,76.92,0,7.69,0
