"","x","sample","uwa.con.number","date","time","site","location","status","depth","maxn.analyst","maxn.complete.yyyymmdd","maxn.checker","curtin.observer","curtin.length.analyst","observer","successful.count","successful.length","left.cam","right.cam","video.notes","con.hdd.number","raw.hdd.number","habitat.image.saved","vis.in.metres","habitat.classification","length.analyst","length.complete.date.yyyymmdd","notes","latitude","longitude"
"1","2014-12_Geographe.Bay_stereoBRUVs","1","1","2014-12-10","13:20:00",NA,"Geographe Bay","Special Purpose Zone (Mining Exclusion)","40","Hayley","23.06.20","Brooke Gibbons","Lizzy","Laura","Hayley","Yes","",13,14,"Y","1",NA,NA,NA,NA,NA,NA,"",-33.36345,115.21415
"2","2014-12_Geographe.Bay_stereoBRUVs","2","1","2014-12-10","06:29:00",NA,"Geographe Bay","Special Purpose Zone (Mining Exclusion)","40.5","Test video ","","Brooke Gibbons","Lizzy","Laura","Test video ","","",15,16,"y","1",NA,NA,NA,NA,NA,NA,"",-33.4405333,115.10095
"3","2014-12_Geographe.Bay_stereoBRUVs","3","1","2014-12-13","08:41:00",NA,"Geographe Bay","Multiple Use Zone","24.8","Hayley ","25.06.20","Brooke Gibbons","Lizzy","Damo","Hayley ","Yes","",15,16,"","3",NA,NA,NA,NA,NA,NA,"Right out early",-33.4920833,115.3549
"4","2014-12_Geographe.Bay_stereoBRUVs","4","1","2014-12-10","14:13:00",NA,"Geographe Bay","Special Purpose Zone (Mining Exclusion)","38.4","Hayley ","25.06.20","Brooke Gibbons","Lizzy","Tamy","Hayley ","Yes","",11,12,"Y","2",NA,NA,NA,NA,NA,NA,"",-33.3921,115.2280833
"5","2014-12_Geographe.Bay_stereoBRUVs","5","1","2014-12-11","09:43:00",NA,"Geographe Bay","Special Purpose Zone (Mining Exclusion)","25.7","test video","","","Lizzy","Ronen","test video","","",23,24,"Y","1",NA,NA,NA,NA,NA,NA,"",-33.3627833,115.45495
"6","2014-12_Geographe.Bay_stereoBRUVs","6","1","2014-12-10","07:55:00",NA,"Geographe Bay","Special Purpose Zone (Mining Exclusion)","41.8","Hayley ","25.06.20","Brooke Gibbons","Lizzy","Laura","Hayley ","Yes","",25,26,"Y","1",NA,NA,NA,NA,NA,NA,"",-33.4070833,115.1204167
"7","2014-12_Geographe.Bay_stereoBRUVs","7","3","2014-12-13","11:04:00",NA,"Geographe Bay","Special Purpose Zone (Mining Exclusion)","23.2","Logan","19.08.20","Brooke Gibbons","Lizzy","Damon","Logan","Yes","",11,12,"","5",NA,NA,NA,NA,NA,NA,"",-33.4204833,115.4457
"8","2014-12_Geographe.Bay_stereoBRUVs","9","","2014-12-10","10:04:00",NA,"Geographe Bay","Special Purpose Zone (Mining Exclusion)","41.8","","","","Lauren","N/A","","","No",25,26,"R cam cut out on seabed","2",NA,NA,NA,NA,NA,NA,"did not film sheet",-33.3643333,115.1361167
"9","2014-12_Geographe.Bay_stereoBRUVs","10","1","2014-12-12","10:48:00",NA,"Geographe Bay","Multiple Use Zone","22.7","Hayley ","26.06.20","Brooke Gibbons","Lauren","Ronen","Hayley ","Yes","",21,22,"","1",NA,NA,NA,NA,NA,NA,"",-33.5281667,115.3313333
"10","2014-12_Geographe.Bay_stereoBRUVs","11","1","2014-12-12","08:59:00",NA,"Geographe Bay","Multiple Use Zone","21.7","Hayley ","29.06.20","Brooke Gibbons","Lauren","Tamy","Hayley ","Yes","",13,14,"","2",NA,NA,NA,NA,NA,NA,"",-33.5712167,115.2958167
"11","2014-12_Geographe.Bay_stereoBRUVs","12","1","2014-12-10","14:00:00",NA,"Geographe Bay","Special Purpose Zone (Mining Exclusion)","38.7","Hayley ","29.06.20","Brooke Gibbons","Lauren","Ronen","Hayley ","Yes","",17,18,"Y","2",NA,NA,NA,NA,NA,NA,"",-33.40395,115.2615667
"12","2014-12_Geographe.Bay_stereoBRUVs","13","1","2014-12-09","13:41:00",NA,"Geographe Bay","Special Purpose Zone (Mining Exclusion)","42.4","Hayley ","29.06.20","Brooke Gibbons","Lauren","Ronen","Hayley ","Yes","",21,22,"Y","1",NA,NA,NA,NA,NA,NA,"BLUE HOUSING, FACING UP A BIT, CHECK",-33.4501833,115.0925167
"13","2014-12_Geographe.Bay_stereoBRUVs","14","2","2014-12-13","05:56:00",NA,"Geographe Bay","Multiple Use Zone","13.2","Logan","08.07.20","Brooke Gibbons","Lizzy","Lauren","Logan","Yes","",21,22,"","4",NA,NA,NA,NA,NA,NA,"",-33.5296667,115.4130333
"14","2014-12_Geographe.Bay_stereoBRUVs","15","2","2014-12-12","06:27:00",NA,"Geographe Bay","Habitat Protection Zone","26.2","Logan","08.07.20","Brooke Gibbons","laura","Lauren","Logan","Yes","",23,24,"","4",NA,NA,NA,NA,NA,NA,"",-33.5782333,115.2147833
"15","2014-12_Geographe.Bay_stereoBRUVs","16","1","2014-12-11","12:21:00",NA,"Geographe Bay","Special Purpose Zone (Mining Exclusion)","20","Hayley","29.06.20","Brooke Gibbons","Lauren","Laura","Hayley","Yes","",25,26,"Y","1",NA,NA,NA,NA,NA,NA,"",-33.3889,115.4986167
"16","2014-12_Geographe.Bay_stereoBRUVs","17","1","2014-12-10","13:27:00",NA,"Geographe Bay","Special Purpose Zone (Mining Exclusion)","38.8","Hayley","30.06.20","Brooke Gibbons","Laura","Tamy","Hayley","Yes","",21,22,"Y","2",NA,NA,NA,NA,NA,NA,"",-33.3635833,115.23265
"17","2014-12_Geographe.Bay_stereoBRUVs","18","1","2014-12-10","07:44:00",NA,"Geographe Bay","Special Purpose Zone (Mining Exclusion)","42.4","Hayley","30.06.20","Brooke Gibbons","Lizzy","Ronen","Hayley","Yes","",23,24,"Y","1",NA,NA,NA,NA,NA,NA,"",-33.3926,115.0981333
"18","2014-12_Geographe.Bay_stereoBRUVs","19","2","2014-12-13","10:33:00",NA,"Geographe Bay","Special Purpose Zone (Mining Exclusion)","26","Logan","9.7.20","Brooke Gibbons","Lauren","Lauren","Logan","Yes","",19,20,"","4",NA,NA,NA,NA,NA,NA,"Snapper present",-33.4605,115.3618
"19","2014-12_Geographe.Bay_stereoBRUVs","20","1","2014-12-10","11:09:00",NA,"Geographe Bay","Special Purpose Zone (Mining Exclusion)","36","Hayley","1.7.20","Brooke Gibbons","Laura","Ronen","Hayley","Yes","",5,6,"Y","2",NA,NA,NA,NA,NA,NA,"",-33.4338667,115.2221167
"20","2014-12_Geographe.Bay_stereoBRUVs","21","","2014-12-14","06:54:00",NA,"Geographe Bay","Special Purpose Zone (Mining Exclusion)","15.7","","","","Lauren","Laura","","","",23,24,"","BH",NA,NA,NA,NA,NA,NA,"",-33.3857167,115.39765
"21","2014-12_Geographe.Bay_stereoBRUVs","22","1","2014-12-09","07:10:00",NA,"Geographe Bay","Multiple Use Zone","22.6","test video","","Brooke Gibbons","Lizzy","Ronen","test video","","",17,18,"Y","2",NA,NA,NA,NA,NA,NA,"",-33.57455,115.1806667
"22","2014-12_Geographe.Bay_stereoBRUVs","23","","2014-12-13","06:13:00",NA,"Geographe Bay","Multiple Use Zone","13.6","","","","N/A","N/A","","No","No",17,18,"","",NA,NA,NA,NA,NA,NA,"Facing up",-33.5041833,115.4289333
"23","2014-12_Geographe.Bay_stereoBRUVs","23","1","2014-12-16","11:29:00",NA,"Geographe Bay","Multiple Use Zone","13.6","Hayley","1.7.20","Brooke Gibbons","Lauren","Laura","Hayley","Yes","",11,12,"","3",NA,NA,NA,NA,NA,NA,"",-33.5041833,115.4289333
"24","2014-12_Geographe.Bay_stereoBRUVs","24","1","2014-12-09","06:05:00",NA,"Geographe Bay","Special Purpose Zone (Mining Exclusion)","29.2","Hayley","1.7.20","Brooke Gibbons","Lizzy","Laura","Hayley","Yes","",9,10,"Y","1",NA,NA,NA,NA,NA,NA,"",-33.47115,115.2861667
"25","2014-12_Geographe.Bay_stereoBRUVs","25","1","2014-12-10","07:10:00",NA,"Geographe Bay","Special Purpose Zone (Mining Exclusion)","42.5","Hayley","2.7.20","Brooke Gibbons","Lauren","Lizzy","Hayley","Yes","",19,20,"Y","2",NA,NA,NA,NA,NA,NA,"",-33.3833333,115.0827833
"26","2014-12_Geographe.Bay_stereoBRUVs","26","1","2014-12-12","11:02:00",NA,"Geographe Bay","Multiple Use Zone","20.5","Hayley","3.7.20","Brooke Gibbons","Laura","Damo","Hayley","Yes","",9,10,"","3",NA,NA,NA,NA,NA,NA,"",-33.5500333,115.3236167
"27","2014-12_Geographe.Bay_stereoBRUVs","27","1","2014-12-09","07:00:00",NA,"Geographe Bay","Multiple Use Zone","28.2","Hayley","3.7.20","Brooke Gibbons","Lauren","Ronen","Hayley","Yes","",23,24,"Y","1",NA,NA,NA,NA,NA,NA,"1B=BLUE HOUSING",-33.5463667,115.1883833
"28","2014-12_Geographe.Bay_stereoBRUVs","28","1","2014-12-11","07:07:00",NA,"Geographe Bay","Special Purpose Zone (Mining Exclusion)","34","Hayley","3.7.20","Brooke Gibbons","Lizzy","Lizzy","Hayley","Yes","",15,16,"Y","2",NA,NA,NA,NA,NA,NA,"",-33.42715,115.2872833
"29","2014-12_Geographe.Bay_stereoBRUVs","29","1","2014-12-09","10:30:00",NA,"Geographe Bay","Multiple Use Zone","34.3","Hayley","3.7.20","Logan Penman","Lauren","Lizzy","Hayley","Yes","",23,24,"Y","2",NA,NA,NA,NA,NA,NA,"",-33.4869667,115.1764
"30","2014-12_Geographe.Bay_stereoBRUVs","30","1","2014-12-11","06:37:00",NA,"Geographe Bay","Special Purpose Zone (Mining Exclusion)","31.8","Hayley","13.7.20","Logan Penman","Lizzy","Lauren","Hayley","Yes","",9,10,"Y","2",NA,NA,NA,NA,NA,NA,"",-33.42405,115.33405
"31","2014-12_Geographe.Bay_stereoBRUVs","31","2","2014-12-12","05:55:00",NA,"Geographe Bay","Multiple Use Zone","26.3","Logan","9.7.20","Brooke Gibbons","laura","Lauren","Logan","Yes","",15,16,"","4",NA,NA,NA,NA,NA,NA,"",-33.5986333,115.2369167
"32","2014-12_Geographe.Bay_stereoBRUVs","32","1","2014-12-13","07:53:00",NA,"Geographe Bay","Special Purpose Zone (Mining Exclusion)","14.1","Hayley","13.7.20","Logan Penman","Laura","Lizzy","Hayley","Yes","",11,12,"","3",NA,NA,NA,NA,NA,NA,"",-33.4807833,115.46205
"33","2014-12_Geographe.Bay_stereoBRUVs","33","","2014-12-11","08:54:00",NA,"Geographe Bay","Special Purpose Zone (Mining Exclusion)","34.1","","","","Lauren","N/A","","","No",13,14,"R=FAIL","1L",NA,NA,NA,NA,NA,NA,"",-33.3527667,115.3204833
"34","2014-12_Geographe.Bay_stereoBRUVs","34","","2014-12-10","07:05:00",NA,"Geographe Bay","Special Purpose Zone (Mining Exclusion)","43","","","","Lizzy","N/A","","","No",5,6,"Right=FAIL","2L",NA,NA,NA,NA,NA,NA,"",-33.3845167,115.0739
"35","2014-12_Geographe.Bay_stereoBRUVs","35","3","2014-12-13","11:14:00",NA,"Geographe Bay","Special Purpose Zone (Mining Exclusion)","27.9","Logan","19.08.20","Brooke Gibbons","Lizzy","Lizzy","Logan","Yes","",25,26,"","5",NA,NA,NA,NA,NA,NA,"",-33.4055,115.4157167
"36","2014-12_Geographe.Bay_stereoBRUVs","36","1","2014-12-10","11:17:00",NA,"Geographe Bay","Special Purpose Zone (Mining Exclusion)","38.2","Hayley","13.7.20","Logan Penman","Laura","Lizzy","Hayley","Yes","",13,14,"Y","2",NA,NA,NA,NA,NA,NA,"",-33.4269,115.20765
"37","2014-12_Geographe.Bay_stereoBRUVs","37","1","2014-12-11","09:11:00",NA,"Geographe Bay","Special Purpose Zone (Mining Exclusion)","30.3","Hayley","14.07.20","Logan Penman","Lizzy","Laura","Hayley","Yes","",19,20,"Y","1",NA,NA,NA,NA,NA,NA,"",-33.3585,115.3721
"38","2014-12_Geographe.Bay_stereoBRUVs","38","1","2014-12-09","12:45:00",NA,"Geographe Bay","Multiple Use Zone","34.5","Hayley ","16.07.20","Logan Penman","Lizzy","Ronen","Hayley ","Yes","",11,12,"Y","1",NA,NA,NA,NA,NA,NA,"",-33.5036833,115.1274333
"39","2014-12_Geographe.Bay_stereoBRUVs","39","1","2014-12-11","13:20:00",NA,"Geographe Bay","Special Purpose Zone (Mining Exclusion)","19.8","Hayley","16.07.20","Logan Penman","Lizzy","Laura","Hayley","Yes","",15,16,"Y","1",NA,NA,NA,NA,NA,NA,"",-33.465,115.43285
"40","2014-12_Geographe.Bay_stereoBRUVs","40","1","2014-12-09","09:57:00",NA,"Geographe Bay","Special Purpose Zone (Mining Exclusion)","33.7","Hayley","16.07.20","Logan Penman","Lauren","Laura","Hayley","Yes","",19,20,"Y","1",NA,NA,NA,NA,NA,NA,"",-33.4719667,115.2287167
"41","2014-12_Geographe.Bay_stereoBRUVs","41","1","2014-12-10","07:35:00",NA,"Geographe Bay","Special Purpose Zone (Mining Exclusion)","42.5","Hayley","16.07.20","Logan Penman","Laura","Damo","Hayley","Yes","",17,18,"Y","1",NA,NA,NA,NA,NA,NA,"",-33.36785,115.0985833
"42","2014-12_Geographe.Bay_stereoBRUVs","42","2","2014-12-12","13:13:00",NA,"Geographe Bay","National Park Zone","13","Logan","13.07.20","Brooke Gibbons","laura","Lauren","Logan","Yes","",23,24,"","4",NA,NA,NA,NA,NA,NA,"",-33.5425167,115.3862333
"43","2014-12_Geographe.Bay_stereoBRUVs","44","1","2014-12-11","06:54:00",NA,"Geographe Bay","Special Purpose Zone (Mining Exclusion)","34.4","Hayley","17.07.20","Logan Penman","Lauren","Lauren","Hayley","Yes","",21,22,"Y","2",NA,NA,NA,NA,NA,NA,"",-33.3984333,115.30965
"44","2014-12_Geographe.Bay_stereoBRUVs","45","1","2014-12-09","13:28:00",NA,"Geographe Bay","Special Purpose Zone (Mining Exclusion)","41.1","Hayley","17.07.20","Logan Penman","Lauren","Laura","Hayley","Yes","",5,6,"Y","1",NA,NA,NA,NA,NA,NA,"",-33.4445667,115.13165
"45","2014-12_Geographe.Bay_stereoBRUVs","46","","2014-12-14","06:35:00",NA,"Geographe Bay","Special Purpose Zone (Mining Exclusion)","18",""," ","","Lauren","Laura","","","",19,20,"","BH",NA,NA,NA,NA,NA,NA,"",-33.4028,115.3493
"46","2014-12_Geographe.Bay_stereoBRUVs","47","1","2014-12-12","10:29:00",NA,"Geographe Bay","Multiple Use Zone","24.3","Hayley ","17.07.20","Logan Penman","Lauren","Laura","Hayley ","Yes","",15,16,"","3",NA,NA,NA,NA,NA,NA,"",-33.5485,115.2877667
"47","2014-12_Geographe.Bay_stereoBRUVs","48","1","2014-12-11","12:31:00",NA,"Geographe Bay","Special Purpose Zone (Mining Exclusion)","17.2","Hayley","17.07.20","Logan Penman","Lizzy","Lauren","Hayley","Yes","",23,24,"Y","2",NA,NA,NA,NA,NA,NA,"Rear fail",-33.40275,115.5133833
"48","2014-12_Geographe.Bay_stereoBRUVs","49","1","2014-12-10","13:51:00",NA,"Geographe Bay","Special Purpose Zone (Mining Exclusion)","37.7","Hayley","17.07.20","Logan Penman","Laura","Lizzy","Hayley","Yes","",9,10,"Y","2",NA,NA,NA,NA,NA,NA,"",-33.3809167,115.2720667
"49","2014-12_Geographe.Bay_stereoBRUVs","50","","2014-12-10","10:29:00",NA,"Geographe Bay","Special Purpose Zone (Mining Exclusion)","40.5","","","","Lizzy","N/A","","","No",17,18,"R=FAIL WHEN HIT SEABED","2L",NA,NA,NA,NA,NA,NA,"",-33.4108,115.1742333
"50","2014-12_Geographe.Bay_stereoBRUVs","51","1","2014-12-13","10:52:00",NA,"Geographe Bay","Special Purpose Zone (Mining Exclusion)","25.4","","","","Damon","N/A","","","No",17,18,"R=FAIL","",NA,NA,NA,NA,NA,NA,"Snapper come in late",-33.4315667,115.41365
"51","2014-12_Geographe.Bay_stereoBRUVs","52","","2014-12-09","06:14:00",NA,"Geographe Bay","Multiple Use Zone","29.7","","","","Lizzy","N/A","","","No",19,20,"L YES R FAIL","1 Left only",NA,NA,NA,NA,NA,NA,"",-33.49265,115.2982
"52","2014-12_Geographe.Bay_stereoBRUVs","53","1","2014-12-11","09:04:00",NA,"Geographe Bay","Special Purpose Zone (Mining Exclusion)","31.4","Hayley","19.07.20","Logan Penman","Lizzy","Ronen","Hayley","Yes","",21,22,"Y","1",NA,NA,NA,NA,NA,NA,"",-33.3582167,115.3565167
"53","2014-12_Geographe.Bay_stereoBRUVs","54","1","2014-12-09","10:47:00",NA,"Geographe Bay","Multiple Use Zone","33.1","Hayley ","19.07.20","Logan Penman","Lizzy","Laura","Hayley ","Yes","",25,26,"Y","1",NA,NA,NA,NA,NA,NA,"",-33.51305,115.1532
"54","2014-12_Geographe.Bay_stereoBRUVs","55","1","2014-12-12","09:05:00",NA,"Geographe Bay","Multiple Use Zone","22.2","Hayley","19.07.20","Logan Penman","Lizzy","Ronen","Hayley","Yes","",15,16,"","2",NA,NA,NA,NA,NA,NA,"REAR FAIL",-33.5708667,115.2801167
"55","2014-12_Geographe.Bay_stereoBRUVs","56","","2014-12-09","09:49:00",NA,"Geographe Bay","Multiple Use Zone","32","","","","Lizzy","N/A","","","No",5,6,"Right = Fail","1 Left only",NA,NA,NA,NA,NA,NA,"",-33.4953,115.2224167
"56","2014-12_Geographe.Bay_stereoBRUVs","58","1","2014-12-12","13:02:00",NA,"Geographe Bay","National Park Zone","13.5","Hayley","19.07.20","Logan Penman","Lauren","Laura","Hayley","Yes","",25,26,"","3",NA,NA,NA,NA,NA,NA,"",-33.56965,115.3795833
"57","2014-12_Geographe.Bay_stereoBRUVs","60","1","2014-12-11","09:55:00",NA,"Geographe Bay","Special Purpose Zone (Mining Exclusion)","21.5","Hayley ","20.07.20","Logan Penman","Lizzy","Laura","Hayley ","Yes","",11,12,"Y","1",NA,NA,NA,NA,NA,NA,"",-33.3626167,115.5049333
"58","2014-12_Geographe.Bay_stereoBRUVs","61","1","2014-12-09","12:50:00",NA,"Geographe Bay","Multiple Use Zone","34.8","Hayley","20.07.20","Logan Penman","Lauren","Ronen","Hayley","Yes","",23,24,"Y","1",NA,NA,NA,NA,NA,NA,"",-33.4992833,115.1345167
"59","2014-12_Geographe.Bay_stereoBRUVs","62","1","2014-12-11","06:24:00",NA,"Geographe Bay","Special Purpose Zone (Mining Exclusion)","29.3","Hayley","21.07.20","Logan Penman","Lizzy","Tamy","Hayley","Yes","",23,24,"Y","2",NA,NA,NA,NA,NA,NA,"",-33.4505,115.3306833
"60","2014-12_Geographe.Bay_stereoBRUVs","63","1","2014-12-09","06:29:00",NA,"Geographe Bay","Multiple Use Zone","30","Hayley","21.07.20","Logan Penman","Lauren","Lauren","Hayley","Yes","",21,22,"Y","2",NA,NA,NA,NA,NA,NA,"BACK REC TO CAM|BLUE HOUSING",-33.50385,115.2562
"61","2014-12_Geographe.Bay_stereoBRUVs","64","1","2014-12-11","12:54:00",NA,"Geographe Bay","Special Purpose Zone (Mining Exclusion)","14.2","Hayley","21.07.20","Logan Penman","Lauren","Laura","Hayley","Yes","",5,6,"Y","1",NA,NA,NA,NA,NA,NA,"",-33.4364167,115.50945
"62","2014-12_Geographe.Bay_stereoBRUVs","65","1","2014-12-10","13:15:00",NA,"Geographe Bay","Special Purpose Zone (Mining Exclusion)","39.4","Hayley","21.07.20","Logan Penman","Lauren","Ronen","Hayley","Yes","",15,16,"Y","2",NA,NA,NA,NA,NA,NA,"",-33.3597167,115.2047667
"63","2014-12_Geographe.Bay_stereoBRUVs","67","1","2014-12-13","10:10:00",NA,"Geographe Bay","Special Purpose Zone (Mining Exclusion)","21.4","Hayley","22.07.20 ","Logan Penman","Lauren","Damo","Hayley","Yes","",13,14,"","5",NA,NA,NA,NA,NA,NA,"",-33.4783167,115.0859333
"64","2014-12_Geographe.Bay_stereoBRUVs","68","","41983","0.588194444",NA,"Geographe Bay","Special Purpose Zone (Mining Exclusion)","38.9","","","","Lauren","N/A","","","No",23,24,"R=CUT OUT at 12min","2",NA,NA,NA,NA,NA,NA,"",-33.3881667,115.2426
"65","2014-12_Geographe.Bay_stereoBRUVs","69","1","2014-12-11","09:23:00",NA,"Geographe Bay","Special Purpose Zone (Mining Exclusion)","28.7","Hayley","23.07.20","Logan Penman","Lizzy","Lauren","Hayley","Yes","",9,10,"Y","1",NA,NA,NA,NA,NA,NA,"",-33.3534333,115.4040333
"66","2014-12_Geographe.Bay_stereoBRUVs","70","1","2014-12-10","10:46:00",NA,"Geographe Bay","Special Purpose Zone (Mining Exclusion)","41","Hayley","23.07.20","Logan Penman","Lauren","Lizzy","Hayley","Yes","",9,10,"Y","2",NA,NA,NA,NA,NA,NA,"",-33.4158833,115.1513667
"67","2014-12_Geographe.Bay_stereoBRUVs","71","3","2014-12-13","10:58:00",NA,"Geographe Bay","Special Purpose Zone (Mining Exclusion)","24.4","Logan","19.08.20","Brooke Gibbons","Lizzy","Damo","Logan","Yes","",23,24,"","5",NA,NA,NA,NA,NA,NA,"",-33.4270833,115.4286667
"68","2014-12_Geographe.Bay_stereoBRUVs","72","1","2014-12-11","06:07:00",NA,"Geographe Bay","Special Purpose Zone (Mining Exclusion)","29.4","Hayley ","23.07.20","Logan Penman","Lizzy","Ronen","Hayley ","Yes","",25,26,"Y","2",NA,NA,NA,NA,NA,NA,"",-33.4624833,115.32235
"69","2014-12_Geographe.Bay_stereoBRUVs","73","1","2014-12-10","10:10:00",NA,"Geographe Bay","Special Purpose Zone (Mining Exclusion)","41.5","Hayley","23.07.20","Logan Penman","Lauren","Lizzy","Hayley","Yes","",11,12,"Y","2",NA,NA,NA,NA,NA,NA,"",-33.3718,115.1456
"70","2014-12_Geographe.Bay_stereoBRUVs","75","1","2014-12-12","08:52:00",NA,"Geographe Bay","Multiple Use Zone","16.6","Hayley","27.07.20","Logan Penman","Lauren","Lizzy","Hayley","Yes","",21,22,"","2",NA,NA,NA,NA,NA,NA,"",-33.5893333,115.29455
"71","2014-12_Geographe.Bay_stereoBRUVs","76","1","2014-12-11","07:01:00",NA,"Geographe Bay","Special Purpose Zone (Mining Exclusion)","35.2","Hayley","27.07.20","Logan Penman","Lizzy","Lizzy","Hayley","Yes","",13,14,"Y","2",NA,NA,NA,NA,NA,NA,"",-33.41295,115.2846833
"72","2014-12_Geographe.Bay_stereoBRUVs","77","1","2014-12-09","13:50:00",NA,"Geographe Bay","Special Purpose Zone (Mining Exclusion)","40.8","Hayley","27.07.20","Logan Penman","Lauren","Laura","Hayley","Yes","",13,14,"Y","1",NA,NA,NA,NA,NA,NA,"",-33.45575,115.1029
"73","2014-12_Geographe.Bay_stereoBRUVs","78","2","2014-12-13","06:18:00",NA,"Geographe Bay","Multiple Use Zone","13.4","Logan","13.07.20","Brooke Gibbons","Lauren","Lauren","Logan","Yes","",23,24,"","4",NA,NA,NA,NA,NA,NA,"",-33.5076,115.4437667
"74","2014-12_Geographe.Bay_stereoBRUVs","79","1","2014-12-12","08:16:00",NA,"Geographe Bay","Habitat Protection Zone","18.5","Hayley","27.07.20","Logan Penman","Lauren","Lizzy","Hayley","Yes","",9,10,"","2",NA,NA,NA,NA,NA,NA,"",-33.5874,115.2308833
"75","2014-12_Geographe.Bay_stereoBRUVs","80","1","2014-12-11","10:01:00",NA,"Geographe Bay"," ","20.7","Hayley","28.07.20 - Finishes at 8 minutes","","Lauren","Laura","Hayley","No","",25,26,"Y","1",NA,NA,NA,NA,NA,NA,"Left and right cams cut out in less than 10 mins, some fish present in this period",-33.3515833,115.5195333
"76","2014-12_Geographe.Bay_stereoBRUVs","81","1","2014-12-10","14:18:00",NA,"Geographe Bay","Special Purpose Zone (Mining Exclusion)","38.9","Hayley","28.07.20","Logan Penman","Laura","Tamy","Hayley","Yes","",25,26,"Y","2",NA,NA,NA,NA,NA,NA,"",-33.3788167,115.23045
"77","2014-12_Geographe.Bay_stereoBRUVs","82","1","2014-12-10","07:49:00",NA,"Geographe Bay","Special Purpose Zone (Mining Exclusion)","42.6","Hayley","28.07.20","Logan Penman","laura","Lizzy","Hayley","Yes","",11,12,"Y","1",NA,NA,NA,NA,NA,NA,"",-33.3955167,115.1102833
"78","2014-12_Geographe.Bay_stereoBRUVs","83","3","2014-12-13","10:26:00",NA,"Geographe Bay","Special Purpose Zone (Mining Exclusion)","24.6","Logan","29.08.20","Brooke Gibbons","Lauren","Damo","Logan","Yes","",5,6,"","5",NA,NA,NA,NA,NA,NA,"",-33.46935,115.37905
"79","2014-12_Geographe.Bay_stereoBRUVs","84","1","2014-12-10","11:28:00",NA,"Geographe Bay","Special Purpose Zone (Mining Exclusion)","41","Hayley","28.07.20","Logan Penman","Lizzy","Ronen","Hayley","Yes","",15,16,"Y","2",NA,NA,NA,NA,NA,NA,"Rear fail",-33.3964667,115.1924
"80","2014-12_Geographe.Bay_stereoBRUVs","86","1","2014-12-09","07:24:00",NA,"Geographe Bay","Multiple Use Zone","28.6","Hayley","29.07.20","Logan Penman","Lizzy","Ronen","Hayley","Yes","",15,16,"Y","2",NA,NA,NA,NA,NA,NA,"",-33.5405167,115.1785167
"81","2014-12_Geographe.Bay_stereoBRUVs","87","1","2014-12-13","07:49:00",NA,"Geographe Bay","Multiple Use Zone","13","Hayley","29.07.20","Logan Penman","Lauren","Damo","Hayley","Yes","",25,26,"","3",NA,NA,NA,NA,NA,NA,"",-33.4896,115.4589333
"82","2014-12_Geographe.Bay_stereoBRUVs","88","1","2014-12-09","09:45:00",NA,"Geographe Bay","Multiple Use Zone","31.4","Hayley","29.07.20","Logan Penman","Laura","Lizzy","Hayley","Yes","",21,22,"Y","1",NA,NA,NA,NA,NA,NA,"",-33.5010667,115.2145333
"83","2014-12_Geographe.Bay_stereoBRUVs","89","1","2014-12-10","06:58:00",NA,"Geographe Bay","Special Purpose Zone (Mining Exclusion)","43.9","","","","Lauren","Lizzy","","","",21,22,"Y","2",NA,NA,NA,NA,NA,NA,"",-33.3828167,115.0563833
"84","2014-12_Geographe.Bay_stereoBRUVs","90","1","2014-12-12","10:53:00",NA,"Geographe Bay","Multiple Use Zone","22","Hayley  ","31.07.21","Logan Penman","Laura","Damo","Hayley  ","Yes","",5,6,"","3",NA,NA,NA,NA,NA,NA,"",-33.5333167,115.3224833
"85","2014-12_Geographe.Bay_stereoBRUVs","91","1","2014-12-09","06:54:00",NA,"Geographe Bay","Habitat Protection Zone","29.8","Hayley  ","2.8.20","Logan Penman","Laura","Lizzy","Hayley  ","Yes","",11,12,"Y","1",NA,NA,NA,NA,NA,NA,"""SKIPPERS CHOICE""",-33.5396,115.2060833
"86","2014-12_Geographe.Bay_stereoBRUVs","92","1","2014-12-11","06:43:00",NA,"Geographe Bay","Special Purpose Zone (Mining Exclusion)","33","Hayley  ","3.8.20","Logan Penman","Lauren","Lauren","Hayley  ","Yes","",19,20,"Y","2",NA,NA,NA,NA,NA,NA,"",-33.4175833,115.3149833
"87","2014-12_Geographe.Bay_stereoBRUVs","93","","2014-12-09","12:59:00",NA,"Geographe Bay","Special Purpose Zone (Mining Exclusion)","36","","","","Laura","N/A","","","No",17,18,"Y","1",NA,NA,NA,NA,NA,NA,"CAM 17 FLOODED",-33.4813167,115.15275
"88","2014-12_Geographe.Bay_stereoBRUVs","95","1","2014-12-12","10:42:00",NA,"Geographe Bay","Multiple Use Zone","24.9","Hayley ","2.8.20","Logan Penman","Lauren","Laura","Hayley ","Yes","",13,14,"","3",NA,NA,NA,NA,NA,NA,"Leftcam cuts out after ~ 10 mins",-33.5175,115.3155333
"89","2014-12_Geographe.Bay_stereoBRUVs","96","1","2014-12-11","13:04:00",NA,"Geographe Bay","Special Purpose Zone (Mining Exclusion)","15.9","Hayley ","2.8.20","Logan Penman","Lauren","Lizzy","Hayley ","Yes","",21,22,"Y","1",NA,NA,NA,NA,NA,NA,"",-33.4489,115.4808167
"90","2014-12_Geographe.Bay_stereoBRUVs","97","1","2014-12-11","08:43:00",NA,"Geographe Bay","Special Purpose Zone (Mining Exclusion)","35.6","Hayley ","2.8.20","Logan Penman","Lizzy","Ronen","Hayley ","Yes","",15,16,"Y","2",NA,NA,NA,NA,NA,NA,"",-33.38465,115.2926667
"91","2014-12_Geographe.Bay_stereoBRUVs","98","","2014-12-10","10:56:00",NA,"Geographe Bay","Special Purpose Zone (Mining Exclusion)","38","","","","Lizzy","N/A","","","No",19,20,"L=FAIL R=YES","2",NA,NA,NA,NA,NA,NA,"Leftcam failed ~10s",-33.434,115.1726667
"92","2014-12_Geographe.Bay_stereoBRUVs","101","","2014-12-14","06:47:00",NA,"Geographe Bay","Special Purpose Zone (Mining Exclusion)","16.7","","","","Lizzy","Damo","","","",17,18,"","BH",NA,NA,NA,NA,NA,NA,"",-33.3885833,115.37675
"93","2014-12_Geographe.Bay_stereoBRUVs","100","1","2014-12-10","11:14:00",NA,"Geographe Bay","Special Purpose Zone (Mining Exclusion)","36.7","","","","Lauren","N/A","","","No",21,22,"Y","2",NA,NA,NA,NA,NA,NA,"Cals bad",-33.4324833,115.21415
"94","2014-12_Geographe.Bay_stereoBRUVs","102","1","2014-12-09","12:39:00",NA,"Geographe Bay","Multiple Use Zone","34.4","Hayley","3.8.20","Logan Penman","Lizzy","Laura","Hayley","Yes","",25,26,"Y","1",NA,NA,NA,NA,NA,NA,"",-33.5185,115.1196
"95","2014-12_Geographe.Bay_stereoBRUVs","103","1","2014-12-11","13:12:00",NA,"Geographe Bay","Special Purpose Zone (Mining Exclusion)","18.4","Hayley","3.8.20","Logan Penman","Lauren","Laura","Hayley","Yes","",13,14,"Y","1",NA,NA,NA,NA,NA,NA,"",-33.4581167,115.4547167
"96","2014-12_Geographe.Bay_stereoBRUVs","104","1","2014-12-09","10:04:00",NA,"Geographe Bay","Special Purpose Zone (Mining Exclusion)","33.3","Hayley","4.8.20 - Finishes at 20 mins","Logan Penman","Lauren","Lizzy","Hayley","Yes","",9,10,"Y","1",NA,NA,NA,NA,NA,NA,"Leftcam cuts out after ~ 20 mins, rightcam analysed instead",-33.4597333,115.2450667
"97","2014-12_Geographe.Bay_stereoBRUVs","106","2","2014-12-12","11:27:00",NA,"Geographe Bay","Multiple Use Zone","13.5","Logan","14.07.20","Brooke Gibbons","laura","Lauren","Logan","Yes","",25,26,"","4",NA,NA,NA,NA,NA,NA,"",-33.57825,115.3451333
"98","2014-12_Geographe.Bay_stereoBRUVs","107","2","2014-12-15","08:56:00",NA,"Geographe Bay","Multiple Use Zone","20.9","Logan","15.07.20","Brooke Gibbons","Lizzy","Laura","Logan","Yes","",15,16,"","3",NA,NA,NA,NA,NA,NA,"",-33.5833333,115.1881167
"99","2014-12_Geographe.Bay_stereoBRUVs","107","","2014-12-09","09:25:00",NA,"Geographe Bay","Multiple Use Zone","29.3","","","","Lauren","N/A","","","No",15,16,"L=FAIL R=YES","1",NA,NA,NA,NA,NA,NA,"Rightcam analysed",-33.5833333,115.1881167
"100","2014-12_Geographe.Bay_stereoBRUVs","108","2","2014-12-11","06:47:00",NA,"Geographe Bay","Special Purpose Zone (Mining Exclusion)","34","Logan","14.07.20","Brooke Gibbons","laura","Lauren","Logan","Yes","",5,6,"Y","4",NA,NA,NA,NA,NA,NA,"",-33.4690833,115.1676667
"101","2014-12_Geographe.Bay_stereoBRUVs","111","1","2014-12-12","10:55:00",NA,"Geographe Bay","Multiple Use Zone","21.9","Logan ","15.07.20","Brooke Gibbons","Laura","Damo","Logan ","Yes","",19,20,"","3",NA,NA,NA,NA,NA,NA,"",-33.5369,115.3219167
"102","2014-12_Geographe.Bay_stereoBRUVs","110","","2014-12-14","06:37:00",NA,"Geographe Bay","Special Purpose Zone (Mining Exclusion)","17","","","","Lauren","N/A","","","No",9,10,"","BH",NA,NA,NA,NA,NA,NA,"R FAIL ON ENTRY TO HOUSING",-33.4022667,115.3556833
"103","2014-12_Geographe.Bay_stereoBRUVs","112","1","2014-12-11","12:35:00",NA,"Geographe Bay","Special Purpose Zone (Mining Exclusion)","14.8","Hayley"," 4.8.20","Logan Penman","Laura","Lizzy","Hayley","Yes","",17,18,"Y","1",NA,NA,NA,NA,NA,NA,"",-33.4052,115.5224
"104","2014-12_Geographe.Bay_stereoBRUVs","113","3 (Left only)","2014-12-10","13:45:00",NA,"Geographe Bay","Special Purpose Zone (Mining Exclusion)","36.6","","","","Laura","Laura","","","",19,20,"Y","1L",NA,NA,NA,NA,NA,NA,"",-33.3658333,115.27785
"105","2014-12_Geographe.Bay_stereoBRUVs","114","3 (Right only)","2014-12-10","10:20:00",NA,"Geographe Bay","Special Purpose Zone (Mining Exclusion)","39.7","","","","Lizzy","Lizzy","","","",23,24,"Y","1R",NA,NA,NA,NA,NA,NA,"",-33.3984333,115.1639167
"106","2014-12_Geographe.Bay_stereoBRUVs","115","1","2014-12-13","10:46:00",NA,"Geographe Bay","Special Purpose Zone (Mining Exclusion)","25.2","Logan","16.07.20","Brooke Gibbons","Laura","Damo","Logan","Yes","",9,10,"","3",NA,NA,NA,NA,NA,NA,"",-33.4446333,115.4064667
"107","2014-12_Geographe.Bay_stereoBRUVs","116","1","2014-12-09","06:20:00",NA,"Geographe Bay","Multiple Use Zone","29.7","Hayley ","4.8.20","Logan Penman","Laura","Laura","Hayley ","Yes","",5,6,"Y","1",NA,NA,NA,NA,NA,NA,"",-33.4981667,115.2863667
"108","2014-12_Geographe.Bay_stereoBRUVs","122","2","2014-12-13","05:48:00",NA,"Geographe Bay","Multiple Use Zone","13.3","Logan","4.8.20","Brooke Gibbons","Lauren","Lauren","Logan","Yes","",13,14,"","4",NA,NA,NA,NA,NA,NA,"",-33.5375,115.4020833
"109","2014-12_Geographe.Bay_stereoBRUVs","119","2","2014-12-14","11:25:00",NA,"Geographe Bay","","5.2","","","","Lizzy","Laura","","","",17,18,"","3",NA,NA,NA,NA,NA,NA,"",-33.4388333,115.5567333
"110","2014-12_Geographe.Bay_stereoBRUVs","135","2","2014-12-16","12:54:00",NA,"Geographe Bay","Multiple Use Zone","15.8","Logan","4.8.20","Brooke Gibbons","Lauren","Laura","Logan","Yes","",11,12,"","3",NA,NA,NA,NA,NA,NA,"",-33.50185,115.4207333
"111","2014-12_Geographe.Bay_stereoBRUVs","139","3","2014-12-17","08:29:00",NA,"Geographe Bay","Multiple Use Zone","13.4","Daphne","20201005","","Lauren","Damo","Daphne","","",25,26,"","5",NA,NA,NA,NA,NA,NA,"",-33.60325,115.2736667
"112","2014-12_Geographe.Bay_stereoBRUVs","138","3","2014-12-15","06:50:00",NA,"Geographe Bay","","15","","","","Lauren","Damo","","","",17,18,"","5",NA,NA,NA,NA,NA,NA,"",-33.5808333,115.1139333
"113","2014-12_Geographe.Bay_stereoBRUVs","143","2","2014-12-15","13:24:00",NA,"Geographe Bay","Multiple Use Zone","23.2","Logan","5.8.20","Brooke Gibbons","Lizzy","Laura","Logan","Yes","",13,14,"","3",NA,NA,NA,NA,NA,NA,"",-33.5761667,115.2367
"114","2014-12_Geographe.Bay_stereoBRUVs","151","3","2014-12-16","09:12:00",NA,"Geographe Bay","Special Purpose Zone (Mining Exclusion)","17.2","Daphne","20201007","","Lizzy","Damo","Daphne","","",19,20,"","5",NA,NA,NA,NA,NA,NA,"",-33.4768,115.4328833
"115","2014-12_Geographe.Bay_stereoBRUVs","144","2","2014-12-16","15:37:00",NA,"Geographe Bay","","12.3",""," ","","Lauren","Laura","","","",13,14,"","3",NA,NA,NA,NA,NA,NA,"",-33.5342333,115.4323167
"116","2014-12_Geographe.Bay_stereoBRUVs","160","2","2014-12-16","15:24:00",NA,"Geographe Bay","Multiple Use Zone","N/A","Logan","5.8.20","Brooke Gibbons","Lauren","Damo","Logan","Yes","",19,20,"","3",NA,NA,NA,NA,NA,NA,"",-33.6033667,115.2477833
"117","2014-12_Geographe.Bay_stereoBRUVs","154","3","2014-12-15","10:58:00",NA,"Geographe Bay","","13.6","","","","Lauren","Damo","","","",23,24,"","5",NA,NA,NA,NA,NA,NA,"",-33.6033667,115.19675
"118","2014-12_Geographe.Bay_stereoBRUVs","167","3","2014-12-16","09:25:00",NA,"Geographe Bay","Special Purpose Zone (Mining Exclusion)","14.4","Logan","29.08.20","Brooke Gibbons","Laura","Damo","Logan","Yes","",21,22,"","5",NA,NA,NA,NA,NA,NA,"",-33.4627333,115.4805667
"119","2014-12_Geographe.Bay_stereoBRUVs","170","2","2014-12-16","13:39:00",NA,"Geographe Bay","National Park Zone","15.8","Logan","10.8.20","Brooke Gibbons","Lizzy","Lauren","Logan","Yes","",21,22,"","4",NA,NA,NA,NA,NA,NA,"",-33.54165,115.3698333
"120","2014-12_Geographe.Bay_stereoBRUVs","183","2","2014-12-15","13:29:00",NA,"Geographe Bay","Multiple Use Zone","22.6","Logan","16.07.20","Brooke Gibbons","Lizzy","Laura","Logan","Yes","",9,10,"","3",NA,NA,NA,NA,NA,NA,"",-33.5687667,115.2488
"121","2014-12_Geographe.Bay_stereoBRUVs","175","2","2014-12-15","06:34:00",NA,"Geographe Bay","","28.5","","","","Lizzy","Lauren","","","",19,20,"","4",NA,NA,NA,NA,NA,NA,"",-33.5518167,115.12275
"122","2014-12_Geographe.Bay_stereoBRUVs","176","2","2014-12-15","06:59:00",NA,"Geographe Bay","","15.4","","","","Lizzy","Laura","","","",11,12,"","3",NA,NA,NA,NA,NA,NA,"",-33.59,115.1290667
"123","2014-12_Geographe.Bay_stereoBRUVs","196","2","2014-12-16","12:49:00",NA,"Geographe Bay","Multiple Use Zone","15.9","Logan","5.8.20","Brooke Gibbons","Lauren","Damo","Logan","Yes","",25,26,"","3",NA,NA,NA,NA,NA,NA,"",-33.5098167,115.4045
"124","2014-12_Geographe.Bay_stereoBRUVs","192","2","2014-12-14","11:19:00",NA,"Geographe Bay","","4.9","","","","Lizzy","Laura","","","",13,14,"","3",NA,NA,NA,NA,NA,NA,"",-33.4273167,115.5755833
"125","2014-12_Geographe.Bay_stereoBRUVs","207","1","2014-12-12","08:06:00",NA,"Geographe Bay","Habitat Protection Zone","23.3","Hayley","4.8.20","Logan Penman","Lizzy","Tamy","Hayley","Yes","",11,12,"","2",NA,NA,NA,NA,NA,NA,"",-33.5738333,115.23165
"126","2014-12_Geographe.Bay_stereoBRUVs","199","","2014-12-15","10:53:00",NA,"Geographe Bay","","15.2","","","","Lizzy","Lizzy","","","",17,18,"","5R",NA,NA,NA,NA,NA,NA,"",-33.5975167,115.2108833
"127","2014-12_Geographe.Bay_stereoBRUVs","202","2","2014-12-17","06:04:00",NA,"Geographe Bay","","9.8","","","","Lauren","Lauren","","","",9,10,"","4",NA,NA,NA,NA,NA,NA,"",-33.5779333,115.4117167
"128","2014-12_Geographe.Bay_stereoBRUVs","224","1","2014-12-16","06:59:00",NA,"Geographe Bay","Special Purpose Zone (Mining Exclusion)","16.5","Hayley","4.8.20","Logan Penman","Lauren","Lizzy","Hayley","Yes","",23,24,"","2",NA,NA,NA,NA,NA,NA,"",-33.4189,115.5035833
"129","2014-12_Geographe.Bay_stereoBRUVs","208","2","2014-12-14","11:03:00",NA,"Geographe Bay","","7.2","","","","Lizzy","Laura","","","",19,20,"","3",NA,NA,NA,NA,NA,NA,"",-33.3873,115.5742333
"130","2014-12_Geographe.Bay_stereoBRUVs","215","","2014-12-15","10:45:00",NA,"Geographe Bay","","14.1","","","","Lizzy","N/A","","","N",9,10,"","4R",NA,NA,NA,NA,NA,NA,"LEFT CAM FAIL",-33.6065667,115.2241167
"131","2014-12_Geographe.Bay_stereoBRUVs","218","3","2014-12-17","09:46:00",NA,"Geographe Bay","","14.7","","","","Laura","Laura","","","",11,12,"","5",NA,NA,NA,NA,NA,NA,"",-33.5954833,115.3030667
"132","2014-12_Geographe.Bay_stereoBRUVs","240","3","2014-12-16","08:56:00",NA,"Geographe Bay","Special Purpose Zone (Mining Exclusion)","18.9","Logan","24.08.20","Brooke Gibbons","Lizzy","Damo","Logan","Yes","",13,14,"","5",NA,NA,NA,NA,NA,NA,"UPSIDE DOWN, GOOD",-33.4387833,115.4684667
"133","2014-12_Geographe.Bay_stereoBRUVs","234","3","2014-12-17","10:03:00",NA,"Geographe Bay","","9.3","","","","Laura","Damo","","","",13,14,"","5",NA,NA,NA,NA,NA,NA,"",-33.6031667,115.3602167
"134","2014-12_Geographe.Bay_stereoBRUVs","236","3","2014-12-16","10:45:00",NA,"Geographe Bay","","13.1","","","","Lauren","Lizzy","","","",21,22,"","5",NA,NA,NA,NA,NA,NA,"",-33.4949167,115.4766833
"135","2014-12_Geographe.Bay_stereoBRUVs","256","3","2014-12-14","13:12:00",NA,"Geographe Bay","Special Purpose Zone (Mining Exclusion)","11.1","Logan","24.08.20","Brooke Gibbons","Lizzy","Damo","Logan","Yes","",11,12,"","5",NA,NA,NA,NA,NA,NA,"",-33.4083167,115.4774833
"136","2014-12_Geographe.Bay_stereoBRUVs","247","2","2014-12-15","06:30:00",NA,"Geographe Bay","","26.4","","","","Lizzy","Lauren","","","",15,16,"","4",NA,NA,NA,NA,NA,NA,"",-33.5561,115.1345167
"137","2014-12_Geographe.Bay_stereoBRUVs","250","","2014-12-16","15:17:00",NA,"Geographe Bay","","10","","","","Laura","N/A","","","N",5,6,"","5R",NA,NA,NA,NA,NA,NA,"LEFT FAIL",-33.5628167,115.4223667
"138","2014-12_Geographe.Bay_stereoBRUVs","270","2","2014-12-13","06:00:00",NA,"Geographe Bay","Multiple Use Zone","13.7","Logan ","21.07.20","Brooke Gibbons","Laura","Lauren","Logan ","Yes","",5,6,"","4",NA,NA,NA,NA,NA,NA,"",-33.52045,115.4206
"139","2014-12_Geographe.Bay_stereoBRUVs","267","2","2014-12-15","06:22:00",NA,"Geographe Bay","","23.2","","","","Lizzy","Lauren","","","",5,6,"","4",NA,NA,NA,NA,NA,NA,"",-33.5707,115.1362
"140","2014-12_Geographe.Bay_stereoBRUVs","271","2","2014-12-12","06:06:00",NA,"Geographe Bay","Habitat Protection Zone","27.3","Logan ","21.07.20","Brooke Gibbons","Laura","Lauren","Logan ","Yes","",21,22,"","4",NA,NA,NA,NA,NA,NA,"",-33.5937,115.2133167
"141","2014-12_Geographe.Bay_stereoBRUVs","272","3","2014-12-14","08:37:00",NA,"Geographe Bay","Special Purpose Zone (Mining Exclusion)","11.7","Logan (ends 54:39)","24.08.20","Brooke Gibbons","Lizzy","Damo","Logan (ends 54:39)","Yes","",25,26,"","5",NA,NA,NA,NA,NA,NA,"",-33.3815,115.4879333
"142","2014-12_Geographe.Bay_stereoBRUVs","282","3","2014-12-17","08:02:00",NA,"Geographe Bay","Multiple Use Zone","18.2","Logan","25.08.20","Brooke Gibbons","Laura","Damo","Logan","Yes","",15,16,"","5",NA,NA,NA,NA,NA,NA,"",-33.5571833,115.3322333
"143","2014-12_Geographe.Bay_stereoBRUVs","279","","2014-12-16","11:32:00",NA,"Geographe Bay","Multiple Use Zone","14.2","","","","Lizzy","N/A","","","No",25,26,"","4",NA,NA,NA,NA,NA,NA,"LEFT FAIL",-33.5011833,115.4379167
"144","2014-12_Geographe.Bay_stereoBRUVs","287","2","2014-12-15","10:50:00",NA,"Geographe Bay","Habitat Protection Zone","16.4","Logan","27.07.20","Brooke Gibbons","Lizzy","Lauren","Logan","Yes","",13,14,"","4",NA,NA,NA,NA,NA,NA,"",-33.5940333,115.2189
"145","2014-12_Geographe.Bay_stereoBRUVs","288","3","2014-12-16","09:29:00",NA,"Geographe Bay","Special Purpose Zone (Mining Exclusion)","14.3","Logan","31.08.20","Brooke Gibbons","Laura","Damo","Logan","Yes","",5,6,"","5",NA,NA,NA,NA,NA,NA,"",-33.4709833,115.4775833
"146","2014-12_Geographe.Bay_stereoBRUVs","316","","2014-12-14","10:49:00",NA,"Geographe Bay","Special Purpose Zone (Mining Exclusion)","9.3","","","","Lauren","Lizzy","","","",15,16,"","BH",NA,NA,NA,NA,NA,NA,"",-33.3839667,115.5281667
"147","2014-12_Geographe.Bay_stereoBRUVs","295","3","2014-12-16","15:50:00",NA,"Geographe Bay","","2.5","","","","Lauren","Damo","","","",11,12,"","5",NA,NA,NA,NA,NA,NA,"",-33.5555333,115.46605
"148","2014-12_Geographe.Bay_stereoBRUVs","298","2","2014-12-15","06:56:00",NA,"Geographe Bay","","18.1","","","","Lauren","Lauren","","","",23,24,"","4",NA,NA,NA,NA,NA,NA,"",-33.5825167,115.1301333
"149","2014-12_Geographe.Bay_stereoBRUVs","304","2","2014-12-15","10:17:00",NA,"Geographe Bay","","13.7","","","","Lizzy","Lauren","","","",5,6,"","4",NA,NA,NA,NA,NA,NA,"",-33.5958333,115.1453667
"150","2014-12_Geographe.Bay_stereoBRUVs","314","2","2014-12-15","09:03:00",NA,"Geographe Bay","","20","","","","Lizzy","Laura","","","",5,6,"","3",NA,NA,NA,NA,NA,NA,"",-33.5869,115.1628333
"151","2014-12_Geographe.Bay_stereoBRUVs","320","3","2014-12-16","08:49:00",NA,"Geographe Bay","Special Purpose Zone (Mining Exclusion)","15.1","Logan","","","Lauren","Damo","Logan","","",17,18,"","5",NA,NA,NA,NA,NA,NA,"LANDS FACING UP THEN FALLS GOOD AT 15MINS",-33.4417833,115.49575
"152","2014-12_Geographe.Bay_stereoBRUVs","327","2","2014-12-14","14:10:00",NA,"Geographe Bay","Multiple Use Zone","11.8","Logan","6.8.20","Brooke Gibbons","Damon","Laura","Logan","Yes","",15,16,"","3",NA,NA,NA,NA,NA,NA,"",-33.4892333,115.3942
"153","2014-12_Geographe.Bay_stereoBRUVs","331","2","2014-12-15","13:46:00",NA,"Geographe Bay","Multiple Use Zone","14.3","Logan","22.07.20","Brooke Gibbons - check wrasse with Todd","Lizzy","Laura","Logan","Yes","",5,6,"","3",NA,NA,NA,NA,NA,NA,"",-33.6030833,115.2530333
"154","2014-12_Geographe.Bay_stereoBRUVs","330","","2014-12-15","06:44:00",NA,"Geographe Bay","","17.7","","","","Damon","N/A","","","N",13,14,"","4",NA,NA,NA,NA,NA,NA,"Both files are rightcam",-33.5691167,115.104
"155","2014-12_Geographe.Bay_stereoBRUVs","335","1","2014-12-12","08:09:00",NA,"Geographe Bay","Habitat Protection Zone","21.6","Hayley ","6.8.20","Logan Penman","Lauren","Lizzy","Hayley ","Yes","",23,24,"","2",NA,NA,NA,NA,NA,NA,"",-33.5771167,115.2266667
"156","2014-12_Geographe.Bay_stereoBRUVs","352","3","2014-12-16","08:45:00",NA,"Geographe Bay","Special Purpose Zone (Mining Exclusion)","15.2","Daphne","20201007","","Lizzy","Damo","Daphne","","",23,24,"","5",NA,NA,NA,NA,NA,NA,"",-33.4517667,115.4879833
"157","2014-12_Geographe.Bay_stereoBRUVs","346","2","2014-12-15","13:08:00",NA,"Geographe Bay","","14","","","","Lizzy","Laura","","","",11,12,"","3",NA,NA,NA,NA,NA,NA,"",-33.6092,115.2392833
"158","2014-12_Geographe.Bay_stereoBRUVs","375","2","2014-12-12","06:14:00",NA,"Geographe Bay","Habitat Protection Zone","26.9","Logan","18.08.20","Brooke Gibbons","Laura","Lauren","Logan","Yes","",19,20,"","4",NA,NA,NA,NA,NA,NA,"REAR FAIL",-33.5902167,115.2205667
"159","2014-12_Geographe.Bay_stereoBRUVs","362","3","2014-12-17","10:23:00",NA,"Geographe Bay","","9.4","","","","Laura","Damo","","","",19,20,"","5",NA,NA,NA,NA,NA,NA,"",-33.627,115.2948
"160","2014-12_Geographe.Bay_stereoBRUVs","368","3","2014-12-16","15:59:00",NA,"Geographe Bay","","3.7","","","","Laura","Damo","","","",25,26,"","5",NA,NA,NA,NA,NA,NA,"",-33.5725167,115.45125
"161","2014-12_Geographe.Bay_stereoBRUVs","378","2","2014-12-12","13:08:00",NA,"Geographe Bay","National Park Zone","13.3","Logan","26.07.20","Brooke Gibbons","Lauren","Damo","Logan","Yes","",11,12,"","3 (L) R (4)",NA,NA,NA,NA,NA,NA,"",-33.5555833,115.3912
"162","2014-12_Geographe.Bay_stereoBRUVs","384","1","2014-12-16","06:54:00",NA,"Geographe Bay","Special Purpose Zone (Mining Exclusion)","13.5","Hayley","6.8.20","Logan Penman","Lauren","Ronen","Hayley","Yes","",17,18,"","2",NA,NA,NA,NA,NA,NA,"",-33.4274667,115.51415
"163","2014-12_Geographe.Bay_stereoBRUVs","391","2","2014-12-13","08:23:00",NA,"Geographe Bay","Multiple Use Zone","17","Logan","27.07.20","Brooke Gibbons","Lizzy","Laura","Logan","Yes","",21,22,"","3",NA,NA,NA,NA,NA,NA,"Rear cam failed",-33.50165,115.4101333
"164","2014-12_Geographe.Bay_stereoBRUVs","394","2","2014-12-16","13:18:00",NA,"Geographe Bay","Multiple Use Zone","19","Logan","6.8.20","Brooke Gibbons","Lizzy","Lauren","Logan","Yes","",9,10,"","4",NA,NA,NA,NA,NA,NA,"",-33.5181,115.3820167
"165","2014-12_Geographe.Bay_stereoBRUVs","400","2","2014-12-14","08:58:00",NA,"Geographe Bay","Special Purpose Zone (Mining Exclusion)","9.8","Logan","23.07.20","Brooke Gibbons","Damon","Laura","Logan","Yes","",13,14,"","3",NA,NA,NA,NA,NA,NA,"",-33.3575833,115.5516833
"166","2014-12_Geographe.Bay_stereoBRUVs","395","3","2014-12-17","10:08:00",NA,"Geographe Bay","","9.2","","","","Laura","Damo","","","",9,10,"","5",NA,NA,NA,NA,NA,NA,"",-33.6072833,115.3444333
"167","2014-12_Geographe.Bay_stereoBRUVs","399","3","2014-12-17","10:17:00",NA,"Geographe Bay","","10.8","","","","Laura","Damo","","","",15,16,"","5",NA,NA,NA,NA,NA,NA,"",-33.6143333,115.31295
"168","2014-12_Geographe.Bay_stereoBRUVs","407","2","2014-12-13","08:13:00",NA,"Geographe Bay","Multiple Use Zone","16.2","Logan","7.8.20","Brooke Gibbons","Lauren","Laura","Logan","Yes","",19,20,"","3",NA,NA,NA,NA,NA,NA,"",-33.4881667,115.4274667
"169","2014-12_Geographe.Bay_stereoBRUVs","432","","2014-12-14","13:19:00",NA,"Geographe Bay","Special Purpose Zone (Mining Exclusion)","10.7","","","","Lauren","Damo","","","",23,24,"","BH",NA,NA,NA,NA,NA,NA,"",-33.4270333,115.4686
"170","2014-12_Geographe.Bay_stereoBRUVs","416","3","2014-12-17","10:34:00",NA,"Geographe Bay","","12.3","","","","Laura","Damo","","","",5,6,"","5",NA,NA,NA,NA,NA,NA,"",-33.6147833,115.2806167
"171","2014-12_Geographe.Bay_stereoBRUVs","428","1","2014-12-16","06:31:00",NA,"Geographe Bay","","7.6","","","","Lauren","Lizzy","","","",15,16,"","2",NA,NA,NA,NA,NA,NA,"",-33.45045,115.5572167
"172","2014-12_Geographe.Bay_stereoBRUVs","442","1","2014-12-12","13:28:00",NA,"Geographe Bay","Multiple Use Zone","14.3","","","","Lizzy","Lauren","","","",19,20,"","2",NA,NA,NA,NA,NA,NA,"UPSIDE DOWN, GOOD",-33.5066,115.41935
"173","2014-12_Geographe.Bay_stereoBRUVs","439","3","2014-12-17","10:29:00",NA,"Geographe Bay","","8.4","","","","Laura","Damo","","","",21,22,"","5",NA,NA,NA,NA,NA,NA,"",-33.6309333,115.2730667
"174","2014-12_Geographe.Bay_stereoBRUVs","443","2","2014-12-12","06:34:00",NA,"Geographe Bay","Habitat Protection Zone","27","Logan","27.07.20","Brooke Gibbons","Laura","Lauren","Logan","Yes","",11,12,"","4",NA,NA,NA,NA,NA,NA,"",-33.5698,115.2024833
"175","2014-12_Geographe.Bay_stereoBRUVs","448","3","2014-12-14","13:05:00",NA,"Geographe Bay","Special Purpose Zone (Mining Exclusion)","10.6","","","","Lizzy","Damo","","","",25,26,"","5",NA,NA,NA,NA,NA,NA,"",-33.3965,115.4930667
"176","2014-12_Geographe.Bay_stereoBRUVs","455","2","2014-12-15","08:42:00",NA,"Geographe Bay","Multiple Use Zone","24.9","Logan","27.07.20","Brooke Gibbons","Lizzy","Lauren","Logan","Yes","",13,14,"","4",NA,NA,NA,NA,NA,NA,"",-33.5671333,115.1820333
"177","2014-12_Geographe.Bay_stereoBRUVs","451","3","2014-12-14","11:32:00",NA,"Geographe Bay","","7.8","","","","Lauren","Damo","","","",23,24,"","5",NA,NA,NA,NA,NA,NA,"",-33.41975,115.5529
"178","2014-12_Geographe.Bay_stereoBRUVs","490","2","2014-12-17","06:20:00",NA,"Geographe Bay","Multiple Use Zone","13.4","Logan","6.8.20","Brooke Gibbons","Lizzy","Lauren","Logan","Yes","",19,20,"","4",NA,NA,NA,NA,NA,NA,"",-33.5613,115.3612
"179","2014-12_Geographe.Bay_stereoBRUVs","458","","2014-12-16","10:58:00",NA,"Geographe Bay","","6.2","","","","Lizzy","Damo","","","",19,20,"","BH",NA,NA,NA,NA,NA,NA,"Tiger",-33.51505,115.50435
"180","2014-12_Geographe.Bay_stereoBRUVs","463","1","2014-12-12","08:03:00",NA,"Geographe Bay","","24.3","","","","Lizzy","Tamy","","","",25,26,"","2",NA,NA,NA,NA,NA,NA,"",-33.51505,115.50435
"181","2014-12_Geographe.Bay_stereoBRUVs","474","1","2014-12-16","06:23:00",NA,"Geographe Bay","","6.8","","","","Laura","Lizzy","","","",21,22,"","2",NA,NA,NA,NA,NA,NA,"Rear fail",-33.4681167,115.5436
"182","2014-12_Geographe.Bay_stereoBRUVs","480","2 - only left","2014-12-14","09:06:00",NA,"Geographe Bay","","7.4","","","","Laura","N/A","","","",9,10,"","3L",NA,NA,NA,NA,NA,NA,"",-33.3475833,115.5777
"183","2014-12_Geographe.Bay_stereoBRUVs","503","3","2014-12-17","07:48:00",NA,"Geographe Bay","Multiple Use Zone","16.3","","","","Lizzy","Damo","","","",5,6,"","5",NA,NA,NA,NA,NA,NA,"",-33.5845333,115.3097667
"184","2014-12_Geographe.Bay_stereoBRUVs","492","3","2014-12-16","08:40:00",NA,"Geographe Bay","","14.7","","","","Laura","Damo","","","",11,12,"","5",NA,NA,NA,NA,NA,NA,"UPSIDE DOWN, GOOD",-33.4637833,115.4974833
"185","2014-12_Geographe.Bay_stereoBRUVs","496","","2014-12-16","10:42:00",NA,"Geographe Bay","","15.3","","","","Lauren","Lizzy","","","",5,6,"","BH",NA,NA,NA,NA,NA,NA,"",-33.4851167,115.4752333
"186","2014-12_Geographe.Bay_stereoBRUVs","499","1","2014-12-16","06:36:00",NA,"Geographe Bay","","9.9","","","","Lauren","Tamy","","","",19,20,"","2",NA,NA,NA,NA,NA,NA,"",-33.45165,115.5441167
"187","2014-12_Geographe.Bay_stereoBRUVs","506","2","2014-12-16","11:23:00",NA,"Geographe Bay","Multiple Use Zone","14.1","Logan ","10.8.20","Brooke Gibbons","Lizzy","Lauren","Logan ","Yes","",23,24,"","4",NA,NA,NA,NA,NA,NA,"",-33.5173833,115.4165
"188","2014-12_Geographe.Bay_stereoBRUVs","523","2","2014-12-15","08:35:00",NA,"Geographe Bay","Multiple Use Zone","26","Logan","29.07.20","Brooke Gibbons","Laura","Lauren","Logan","Yes","",17,18,"","4",NA,NA,NA,NA,NA,NA,"",-33.5634333,115.1589167
"189","2014-12_Geographe.Bay_stereoBRUVs","512","2","2014-12-16","11:03:00",NA,"Geographe Bay","","10.6","","","","Lizzy","Laura","","","",9,10,"","3R 4L",NA,NA,NA,NA,NA,NA,"",-33.5094,115.4873333
"190","2014-12_Geographe.Bay_stereoBRUVs","527","2","2014-12-12","06:16:00",NA,"Geographe Bay","Habitat Protection Zone","26.8","Logan","6.8.20","Brooke Gibbons","laura","Lauren","Logan","Yes","",9,10,"","4",NA,NA,NA,NA,NA,NA,"",-33.5894167,115.2078167
"191","2014-12_Geographe.Bay_stereoBRUVs","543","???????","2014-12-15","13:13:00",NA,"Geographe Bay","Multiple Use Zone","16.7","","","","Lauren","Laura","","","",23,24,"","BH",NA,NA,NA,NA,NA,NA,"",-33.5950333,115.2434
"192","2014-12_Geographe.Bay_stereoBRUVs","528","2","2014-12-16","08:34:00",NA,"Geographe Bay","","14","","","","Lauren","Lauren","","","",25,26,"","",NA,NA,NA,NA,NA,NA,"",-33.48105,115.4971
"193","2014-12_Geographe.Bay_stereoBRUVs","538","2","2014-12-17","05:53:00",NA,"Geographe Bay","","11.6","","","","Laura","Lauren","","","",17,18,"","4",NA,NA,NA,NA,NA,NA,"",-33.5839167,115.3846667
"194","2014-12_Geographe.Bay_stereoBRUVs","544","3","2014-12-14","13:36:00",NA,"Geographe Bay","Special Purpose Zone (Mining Exclusion)","12.3","","","","Lauren","Damo","","","",13,14,"","5",NA,NA,NA,NA,NA,NA,"LANDED SIDE STILL GOOD",-33.4464167,115.43405
"195","2014-12_Geographe.Bay_stereoBRUVs","554","3","2014-12-17","06:13:00",NA,"Geographe Bay","National Park Zone","12.3","Logan ","25.08.20","Brooke Gibbons - one to ask brooke chasing rubescens","Laura","Damo","Logan ","Yes","",15,16,"","5",NA,NA,NA,NA,NA,NA,"",-33.55765,115.3835167
"196","2014-12_Geographe.Bay_stereoBRUVs","551","","2014-12-17","05:58:00",NA,"Geographe Bay","","11.7","","","","Lizzy","N/A","","","N",13,14,"","4",NA,NA,NA,NA,NA,NA,"RIGHT CAM FAIL",-33.5735167,115.3901333
"197","2014-12_Geographe.Bay_stereoBRUVs","567","3","2014-12-17","08:23:00",NA,"Geographe Bay","Multiple Use Zone","17.4","","","","Lizzy","Damo","","","",11,12,"","5",NA,NA,NA,NA,NA,NA,"Left can short analyse right",-33.5866833,115.2760167
"198","2014-12_Geographe.Bay_stereoBRUVs","560","1","2014-12-16","06:49:00",NA,"Geographe Bay","","14.6","","","","Lauren","Lizzy","","","",13,14,"","2",NA,NA,NA,NA,NA,NA,"",-33.4381667,115.5268667
"199","2014-12_Geographe.Bay_stereoBRUVs","570","","2014-12-15","08:31:00",NA,"Geographe Bay","Multiple Use Zone","24.6","","","","Lauren","Lizzy","","","",23,24,"","BH",NA,NA,NA,NA,NA,NA,"",-33.5731333,115.1625333
"200","2014-12_Geographe.Bay_stereoBRUVs","579","3","2014-12-16","13:10:00",NA,"Geographe Bay","Multiple Use Zone","22","","","","Laura","Damo","","","",17,18,"","5",NA,NA,NA,NA,NA,NA,"",-33.5017167,115.37405
"201","2014-12_Geographe.Bay_stereoBRUVs","572","","2014-12-14","10:54:00",NA,"Geographe Bay","","8.1","","","","Lauren","Lizzy","","","",21,22,"","BH",NA,NA,NA,NA,NA,NA,"",-33.3913,115.5492167
"202","2014-12_Geographe.Bay_stereoBRUVs","583","2","2014-12-14","13:55:00",NA,"Geographe Bay","Special Purpose Zone (Mining Exclusion)","12","Logan","23.07.20","Brooke Gibbons","Damon","Laura","Logan","Yes","",5,6,"","3",NA,NA,NA,NA,NA,NA,"BIG RAY NICE GROUND - R cam failed after 15min",-33.47835,115.3932
"203","2014-12_Geographe.Bay_stereoBRUVs","599","2","2014-12-13","06:22:00",NA,"Geographe Bay","Multiple Use Zone","13.9","Logan","7.8.20","Brooke Gibbons","Laura","Lauren","Logan","Yes","",11,12,"","4",NA,NA,NA,NA,NA,NA,"",-33.5021167,115.4508
"204","2014-12_Geographe.Bay_stereoBRUVs","586","","2014-12-16","13:24:00",NA,"Geographe Bay","National Park Zone","15.8","","","","Lizzy","N/A","","","No",19,20,"Right = Fail","4L",NA,NA,NA,NA,NA,NA,"",-33.5309167,115.38595
"205","2014-12_Geographe.Bay_stereoBRUVs","587","3","2014-12-15","11:03:00",NA,"Geographe Bay","","16.6","","","","Lizzy","Damo","","","",11,12,"","5",NA,NA,NA,NA,NA,NA,"",-33.5934667,115.1873833
"206","2014-12_Geographe.Bay_stereoBRUVs","592","3 (right on 2)","2014-12-16","11:15:00",NA,"Geographe Bay","","12.3","","","","Laura","Laura","","","",17,18,"","3R 5L",NA,NA,NA,NA,NA,NA,"",-33.5185,115.4460167
"207","2014-12_Geographe.Bay_stereoBRUVs","608","3","2014-12-16","09:01:00",NA,"Geographe Bay","Special Purpose Zone (Mining Exclusion)","16.7","","","","Lauren","Damo","","","",9,10,"","5",NA,NA,NA,NA,NA,NA,"",-33.4551833,115.4702833
"208","2014-12_Geographe.Bay_stereoBRUVs","602","","2014-12-15","12:57:00",NA,"Geographe Bay","","11.2","","","","Lauren","Damo","","","",25,26,"","BH",NA,NA,NA,NA,NA,NA,"",-33.6202,115.25615
"209","2014-12_Geographe.Bay_stereoBRUVs","624","1","2014-12-16","07:03:00",NA,"Geographe Bay","Special Purpose Zone (Mining Exclusion)","17.5","Hayley ","6.8.20","Logan Penman","Lizzy","Lauren","Hayley ","Yes","",11,12,"","2",NA,NA,NA,NA,NA,NA,"",-33.4209667,115.4918833
"210","2014-12_Geographe.Bay_stereoBRUVs","611","3","2014-12-16","15:45:00",NA,"Geographe Bay","","8.2","","","","Laura","Damo","","","",23,24,"","5",NA,NA,NA,NA,NA,NA,"",-33.5421333,115.4590333
"211","2014-12_Geographe.Bay_stereoBRUVs","615","2","2014-12-17","09:56:00",NA,"Geographe Bay","","11.8","","","","Lauren","Lauren","","","",17,18,"","4",NA,NA,NA,NA,NA,NA,"",-33.5980667,115.3327667
"212","2014-12_Geographe.Bay_stereoBRUVs","618","","2014-12-17","05:40:00",NA,"Geographe Bay","Multiple Use Zone","14.5","","","","Lizzy","N/A","","","No",25,26,"R CAM fail","5",NA,NA,NA,NA,NA,NA,"",-33.5678833,115.3528167
"213","2014-12_Geographe.Bay_stereoBRUVs","623","2","2014-12-15","10:24:00",NA,"Geographe Bay","","7.8","","","","Lizzy","Lauren","","","",21,22,"","4",NA,NA,NA,NA,NA,NA,"",-33.6129333,115.1556167
"214","2014-12_Geographe.Bay_stereoBRUVs","631","","2014-12-15","13:33:00",NA,"Geographe Bay","Multiple Use Zone","21","","","","Lauren","Lizzy","","","",19,20,"","BH",NA,NA,NA,NA,NA,NA,"",-33.5778833,115.2541167
"215","2014-12_Geographe.Bay_stereoBRUVs","633","3","2014-12-16","09:18:00",NA,"Geographe Bay","Special Purpose Zone (Mining Exclusion)","16.2","Daphne","20201001","Brooke Gibbons","Lauren","Damo","Daphne","","",15,16,"","5",NA,NA,NA,NA,NA,NA,"",-33.4711667,115.4535
"216","2014-12_Geographe.Bay_stereoBRUVs","634","3","2014-12-16","15:30:00",NA,"Geographe Bay","Multiple Use Zone","13","Logan","25.08.20","Brooke Gibbons","Laura","Damo","Logan","Yes","",15,16,"","5",NA,NA,NA,NA,NA,NA,"",-33.5336667,115.4141167
"217","2014-12_Geographe.Bay_stereoBRUVs","635","??????","2014-12-15","08:52:00",NA,"Geographe Bay","Multiple Use Zone","21.2","","","","Lauren","Damo","","","",19,20,"","BH",NA,NA,NA,NA,NA,NA,"",-33.5809667,115.1995667
"218","2014-12_Geographe.Bay_stereoBRUVs","647","2","2014-12-13","08:17:00",NA,"Geographe Bay","Multiple Use Zone","15.3","Logan","30.07.20","Brooke Gibbons","Lauren","Laura","Logan","Yes","",5,6,"","3",NA,NA,NA,NA,NA,NA,"",-33.4926,115.42465
"219","2014-12_Geographe.Bay_stereoBRUVs","640","2","2014-12-16","11:10:00",NA,"Geographe Bay","","11.5","","","","Lizard","Lauren","","","",13,14,"","4",NA,NA,NA,NA,NA,NA,"",-33.5162,115.4646167
"220","2014-12_Geographe.Bay_stereoBRUVs","655","??????","2014-12-15","13:20:00",NA,"Geographe Bay","Multiple Use Zone","20.5","","","","Lauren","Lizzy","","","",17,18,"","BH",NA,NA,NA,NA,NA,NA,"",-33.5812,115.2456833
"221","2014-12_Geographe.Bay_stereoBRUVs","650","??????","2014-12-16","13:14:00",NA,"Geographe Bay","Multiple Use Zone","21.1","","","","Lizzy","N/A","","","No",13,14,"","4",NA,NA,NA,NA,NA,NA,"RIGHT FAIL",-33.5131167,115.3715667
"222","2014-12_Geographe.Bay_stereoBRUVs","666","3","2014-12-17","06:25:00",NA,"Geographe Bay","National Park Zone","15.6","Logan","26.08.20","Brooke Gibbons","Lizzy","Damo","#REF!","Yes","",21,22,"","5",NA,NA,NA,NA,NA,NA,"",-33.5511167,115.35715
"223","2014-12_Geographe.Bay_stereoBRUVs","656","2 (left only)","2014-12-14","09:28:00",NA,"Geographe Bay","Special Purpose Zone (Mining Exclusion)","9","","","","Lauren","N/A","","","No",15,16,"","3",NA,NA,NA,NA,NA,NA,"R FAIL ON ENTRY TO HOUSING",-33.3713167,115.5503833
"224","2014-12_Geographe.Bay_stereoBRUVs","679","","2014-12-14","13:48:00",NA,"Geographe Bay","Special Purpose Zone (Mining Exclusion)","12","","","","Lauren","Damo","","","",19,20,"","BH",NA,NA,NA,NA,NA,NA,"R=ONLY 18MIN",-33.4721333,115.4152667
"225","2014-12_Geographe.Bay_stereoBRUVs","672","2 (right only)","2014-12-14","11:45:00",NA,"Geographe Bay","Special Purpose Zone (Mining Exclusion)","8.4","","","","Lauren","N/A","","","No",25,26,"","3",NA,NA,NA,NA,NA,NA,"L CUTS OUT @ 7MIN",-33.4004333,115.53565
"226","2014-12_Geographe.Bay_stereoBRUVs","682","3","2014-12-17","07:57:00",NA,"Geographe Bay","Multiple Use Zone","15.2","Logan","25.08.20","Brooke Gibbons","Damon","Lizzy","Logan","Yes","",19,20,"","5",NA,NA,NA,NA,NA,NA,"",-33.5696167,115.3354167
"227","2014-12_Geographe.Bay_stereoBRUVs","684","","2014-12-15","09:00:00",NA,"Geographe Bay","Multiple Use Zone","20.6","","","","Lizzy","Damo","","","",21,22,"","BH",NA,NA,NA,NA,NA,NA,"",-33.5845333,115.1735
"228","2014-12_Geographe.Bay_stereoBRUVs","694","2","2014-12-16","13:32:00",NA,"Geographe Bay","Multiple Use Zone","21.3","Logan","7.8.20","Brooke Gibbons","Lizzy","Lauren","Logan","Yes","",15,16,"","4",NA,NA,NA,NA,NA,NA,"",-33.5280667,115.34985
"229","2014-12_Geographe.Bay_stereoBRUVs","688","2","2014-12-17","09:52:00",NA,"Geographe Bay","","12.8","","","","Laura","Lauren","","","",23,24,"","4",NA,NA,NA,NA,NA,NA,"",-33.6026333,115.3181333
"230","2014-12_Geographe.Bay_stereoBRUVs","698","1","2014-12-12","13:25:00",NA,"Geographe Bay","Multiple Use Zone","14","Hayley ","6.8.20","Logan Penman","Lizzy","Lauren","Hayley ","Yes","",9,10,"","2L 4R",NA,NA,NA,NA,NA,NA,"",-33.5246167,115.4035333
"231","2014-12_Geographe.Bay_stereoBRUVs","719","2","2014-12-12","05:59:00",NA,"Geographe Bay","Habitat Protection Zone","26.3","Logan","10.8.20","Brooke Gibbons","Laura","Lauren","Logan","Yes","",13,14,"","4",NA,NA,NA,NA,NA,NA,"",-33.6009667,115.23245
"232","2014-12_Geographe.Bay_stereoBRUVs","704","1","2014-12-16","06:15:00",NA,"Geographe Bay","","7.45","","","","Lizzy","Lauren","","","",5,6,"","2",NA,NA,NA,NA,NA,NA,"",-33.48475,115.5324
"233","2014-12_Geographe.Bay_stereoBRUVs","711","2","2014-12-14","09:24:00",NA,"Geographe Bay","","8.4","","","","Laura","Damo","","","",21,22,"","3",NA,NA,NA,NA,NA,NA,"",-33.36945,115.5666
"234","2014-12_Geographe.Bay_stereoBRUVs","714","","2014-12-15","08:26:00",NA,"Geographe Bay","","21.1","","","","Lauren","Lizzy","","","",11,12,"","BH",NA,NA,NA,NA,NA,NA,"",-33.5792667,115.1468167
"235","2014-12_Geographe.Bay_stereoBRUVs","746","3","2014-12-17","05:45:00",NA,"Geographe Bay","Multiple Use Zone","13.2","Logan","25.08.20","Brooke Gibbons","Damon","Lizzy","Logan","Yes","",11,12,"","5",NA,NA,NA,NA,NA,NA,"",-33.5794333,115.3570667
"236","2014-12_Geographe.Bay_stereoBRUVs","720","2","2014-12-14","09:11:00",NA,"Geographe Bay","","8.2","","","","Laura","Laura","","","",19,20,"","3",NA,NA,NA,NA,NA,NA,"UPSIDE DOWN STILL GOOD",-33.3599,115.58345
"237","2014-12_Geographe.Bay_stereoBRUVs","735","3","2014-12-15","06:27:00",NA,"Geographe Bay","","26.7","","","","Lauren","Damo","","","",21,22,"","5",NA,NA,NA,NA,NA,NA,"",-33.5620333,115.1433167
"238","2014-12_Geographe.Bay_stereoBRUVs","736","","2014-12-14","10:59:00",NA,"Geographe Bay","","8.2","","","","Lauren","Lizzy","","","",5,6,"","BH",NA,NA,NA,NA,NA,NA,"",-33.3850833,115.5606333
"239","2014-12_Geographe.Bay_stereoBRUVs","748","2","2014-12-14","08:46:00",NA,"Geographe Bay","Special Purpose Zone (Mining Exclusion)","11.1","Logan","30.07.20","Brooke Gibbons","Lizzy","Laura","Logan","Yes","",23,24,"","3",NA,NA,NA,NA,NA,NA,"",-33.3695667,115.5138333
"240","2014-12_Geographe.Bay_stereoBRUVs","755","","2014-12-14","13:27:00",NA,"Geographe Bay","Special Purpose Zone (Mining Exclusion)","11.3","","","","Lauren","Lizzy","","","",17,18,"","BH",NA,NA,NA,NA,NA,NA,"",-33.43385,115.4571167
"241","2014-12_Geographe.Bay_stereoBRUVs","752","2","2014-12-14","09:15:00",NA,"Geographe Bay","","6.2","","","","Damon","Laura","","","",5,6,"","3",NA,NA,NA,NA,NA,NA,"",-33.3765667,115.5914167
"242","2014-12_Geographe.Bay_stereoBRUVs","759","3","2014-12-17","07:52:00",NA,"Geographe Bay","Multiple Use Zone","17.3","","","","Lauren","Damo","","","",21,22,"","5",NA,NA,NA,NA,NA,NA,"",-33.5759,115.3173333
"243","2014-12_Geographe.Bay_stereoBRUVs","764","2","2014-12-14","08:43:00",NA,"Geographe Bay","Special Purpose Zone (Mining Exclusion)","11.6","Logan","28.07.20","Brooke Gibbons","Lauren","Laura","Logan","Yes","",11,12,"","3",NA,NA,NA,NA,NA,NA,"",-33.3744333,115.49605
"244","2014-12_Geographe.Bay_stereoBRUVs","762","","2014-12-12","13:44:00",NA,"Geographe Bay","Multiple Use Zone","13","","","","laura","N/A","","","No",13,14,"","4L",NA,NA,NA,NA,NA,NA,"UPSIDE DOWN, RIGHT CAM FAIL",-33.5198667,115.4149
"245","2014-12_Geographe.Bay_stereoBRUVs","782","2","2014-12-13","06:06:00",NA,"Geographe Bay","Multiple Use Zone","13.7","Logan","28.07.20","Brooke Gibbons - check scomber with todd","Laura","Lauren","Logan","Yes","",19,20,"","4",NA,NA,NA,NA,NA,NA,"",-33.5142,115.4368333
"246","2014-12_Geographe.Bay_stereoBRUVs","779","","2014-12-17","08:11:00",NA,"Geographe Bay","Habitat Protection Zone","19","","","","Lizzy","N/A","","","No",13,14,"","5",NA,NA,NA,NA,NA,NA,"RIGHT CAM FAIL, CAM 14 SWAPPED OUT",-33.5817167,115.2263667
"247","2014-12_Geographe.Bay_stereoBRUVs","783","1","2014-12-12","08:12:00",NA,"Geographe Bay","Habitat Protection Zone","21.5","Hayley","8.8.20","Logan Penman","Lauren","Ronen","Hayley","Yes","",17,18,"","2",NA,NA,NA,NA,NA,NA,"",-33.5817167,115.2263667
"248","2014-12_Geographe.Bay_stereoBRUVs","791","2","2014-12-13","08:03:00",NA,"Geographe Bay","Multiple Use Zone","15","Logan","11.08.20","Brooke Gibbons","Lizzy","Laura","Logan","Yes","",17,18,"","3R, 4L",NA,NA,NA,NA,NA,NA,"",-33.4851333,115.4435167
"249","2014-12_Geographe.Bay_stereoBRUVs","784","3","2014-12-15","11:07:00",NA,"Geographe Bay","","13.4","","","","Laura","Lizzy","","","",25,26,"","5",NA,NA,NA,NA,NA,NA,"",-33.6014333,115.1773667
"250","2014-12_Geographe.Bay_stereoBRUVs","800","3","2014-12-15","08:48:00",NA,"Geographe Bay","Multiple Use Zone","22.9","Logan","26.08.20","Brooke Gibbons","Laura","Damo","Logan","Yes","",9,10,"","5",NA,NA,NA,NA,NA,NA,"",-33.5731667,115.1934833
"251","2014-12_Geographe.Bay_stereoBRUVs","794","3","2014-12-15","10:38:00",NA,"Geographe Bay","","7.4","","","","Lizzy","Damo","","","",19,20,"","5",NA,NA,NA,NA,NA,NA,"",-33.6248167,115.2039333
"252","2014-12_Geographe.Bay_stereoBRUVs","810","2","2014-12-16","13:44:00",NA,"Geographe Bay","National Park Zone","14.3","Logan","29.07.20 - Finishes at 55 minutes","Brooke Gibbons - check scomber with todd","Lizzy","Lauren","Logan","Yes","",5,6,"","4",NA,NA,NA,NA,NA,NA,"",-33.5513333,115.3766
"253","2014-12_Geographe.Bay_stereoBRUVs","807","2","2014-12-16","10:50:00",NA,"Geographe Bay","","14","","","","Lizzy","Laura","","","",15,16,"","3R 4L",NA,NA,NA,NA,NA,NA,"",-33.494,115.4907
"254","2014-12_Geographe.Bay_stereoBRUVs","823","3 (Left only)","2014-12-17","08:19:00",NA,"Geographe Bay","Multiple Use Zone","16.2","","","","Lizzy","Laura","","","",23,24,"","5",NA,NA,NA,NA,NA,NA,"",-33.5857333,115.2872167
"255","2014-12_Geographe.Bay_stereoBRUVs","816","3","2014-12-14","11:09:00",NA,"Geographe Bay","","7.9","","","","Lizzy","Damo","","","",9,10,"","5",NA,NA,NA,NA,NA,NA,"",-33.3996,115.56325
"256","2014-12_Geographe.Bay_stereoBRUVs","826","2","2014-12-13","05:45:00",NA,"Geographe Bay","National Park Zone","12.8","Logan","7.8.20","Brooke Gibbons","Lizzy","Lauren","Logan","Yes","",15,16,"","4",NA,NA,NA,NA,NA,NA,"Rightcam fogs at ~20 mins and clears up again at ~50 mins",-33.5426833,115.4005833
"257","2014-12_Geographe.Bay_stereoBRUVs","839","3","2014-12-16","13:00:00",NA,"Geographe Bay","Multiple Use Zone","20","","","","Laura","Damo","","","",23,24,"","5",NA,NA,NA,NA,NA,NA,"",-33.4873,115.4085
"258","2014-12_Geographe.Bay_stereoBRUVs","828","2","2014-12-14","11:38:00",NA,"Geographe Bay","","7.6","","","","Lauren","Laura","","","",11,12,"","3",NA,NA,NA,NA,NA,NA,"",-33.4174667,115.5295667
"259","2014-12_Geographe.Bay_stereoBRUVs","832","1","2014-12-16","06:43:00",NA,"Geographe Bay","","12.6","","","","Lizzy","Lauren","","","",9,10,"","2",NA,NA,NA,NA,NA,NA,"",-33.4556167,115.5196833
"260","2014-12_Geographe.Bay_stereoBRUVs","843","???????","2014-12-15","13:43:00",NA,"Geographe Bay","Multiple Use Zone","14.6","","","","Damon","Lizzy","","","",21,22,"","BH",NA,NA,NA,NA,NA,NA,"",-33.5999833,115.2586
"261","2014-12_Geographe.Bay_stereoBRUVs","842","3","2014-12-15","06:40:00",NA,"Geographe Bay","","22.3","","","","Lizzy","Damo","","","",9,10,"","5",NA,NA,NA,NA,NA,NA,"",-33.5681167,115.11485
"262","2014-12_Geographe.Bay_stereoBRUVs","848","2","2014-12-14","08:53:00",NA,"Geographe Bay","Special Purpose Zone (Mining Exclusion)","10.4","Logan","29.07.20","Brooke Gibbons","Lauren","Lauren","Logan","Yes","",17,18,"","4",NA,NA,NA,NA,NA,NA,"",-33.35185,115.5323
"263","2014-12_Geographe.Bay_stereoBRUVs","855","2","2014-12-13","08:09:00",NA,"Geographe Bay","Multiple Use Zone","15.2","Logan","4.08.20","Brooke Gibbons","Lauren","Laura","Logan","Yes","",9,10,"","3",NA,NA,NA,NA,NA,NA,"",-33.4901,115.4357667
"264","2014-12_Geographe.Bay_stereoBRUVs","858","3","2014-12-17","06:29:00",NA,"Geographe Bay","Multiple Use Zone","16.6","Logan","26.08.20","Brooke Gibbons","Damon","Damo","Logan","Yes","",5,6,"","5",NA,NA,NA,NA,NA,NA,"",-33.5573167,115.3461833
"265","2014-12_Geographe.Bay_stereoBRUVs","1038","3","2014-12-16","15:33:00",NA,"Geographe Bay","Multiple Use Zone","13.9","","","","Laura","Damo","","","",9,10,"","5",NA,NA,NA,NA,NA,NA,"",-33.5333333,115.4200167
"266","2014-12_Geographe.Bay_stereoBRUVs","864","3","2014-12-17","05:50:00",NA,"Geographe Bay","","12.4","","","","Laura","Damo","","","",23,24,"","5",NA,NA,NA,NA,NA,NA,"",-33.58325,115.3720667
"267","2014-12_Geographe.Bay_stereoBRUVs","879","3","2014-12-15","10:31:00",NA,"Geographe Bay","","8.1","","","","Laura","Done","","","",15,16,"","5",NA,NA,NA,NA,NA,NA,"",-33.6168833,115.1828667
"268","2014-12_Geographe.Bay_stereoBRUVs","880","3","2014-12-16","15:41:00",NA,"Geographe Bay","","10.9","","","","Laura","Done","","","",17,18,"","5",NA,NA,NA,NA,NA,NA,"",-33.53655,115.4444
"269","2014-12_Geographe.Bay_stereoBRUVs","10000","","2014-12-14","06:27:00",NA,"Geographe Bay","Special Purpose Zone (Mining Exclusion)","16.4","","","","Lauren","Lizzy","","","",5,6,"","BH",NA,NA,NA,NA,NA,NA,"",-33.4135833,115.3645833
"270","2014-12_Geographe.Bay_stereoBRUVs","1108","3","2014-12-16","15:20:00",NA,"Geographe Bay","","11.9","","","","Laura","Done","","","",21,22,"","5",NA,NA,NA,NA,NA,NA,"",-33.5580167,115.41435
"271","2014-12_Geographe.Bay_stereoBRUVs","10001","2","2014-12-14","06:17:00",NA,"Geographe Bay","Special Purpose Zone (Mining Exclusion)","15.9","Logan","8.8.20","Brooke Gibbons","Lauren","Damo","Logan","Yes","",13,14,"","4",NA,NA,NA,NA,NA,NA,"",-33.4217167,115.3722167
"272","2014-12_Geographe.Bay_stereoBRUVs","10002","","2014-12-14","06:13:00",NA,"Geographe Bay","Special Purpose Zone (Mining Exclusion)","15.4","","","","Lauren","Damo","","","",15,16,"","BH",NA,NA,NA,NA,NA,NA,"",-33.4234167,115.3889333
"273","2014-12_Geographe.Bay_stereoBRUVs","10004","","2014-12-14","07:03:00",NA,"Geographe Bay","Special Purpose Zone (Mining Exclusion)","15.3","","","","Lauren","Lizzy","","","",25,26,"","BH",NA,NA,NA,NA,NA,NA,"",-33.4039167,115.3976
"274","2014-12_Geographe.Bay_stereoBRUVs","10003","","2014-12-14","06:23:00",NA,"Geographe Bay","Special Purpose Zone (Mining Exclusion)","16.5","","","","Lauren","N/A","","","No",21,22,"","5",NA,NA,NA,NA,NA,NA,"right fail",-33.4213,115.35935
"275","2014-12_Geographe.Bay_stereoBRUVs","10005","3","2014-12-14","14:03:00",NA,"Geographe Bay","Special Purpose Zone (Mining Exclusion)","13.7","","","","Laura","Laura","","","",21,22,"","5",NA,NA,NA,NA,NA,NA,"",-33.4777667,115.3694
"276","2014-12_Geographe.Bay_stereoBRUVs","10005","","2014-12-13","10:21:00",NA,"Geographe Bay","  ","24.6","","","","Laura","Done","","","",21,22,"","5",NA,NA,NA,NA,NA,NA,"",-33.4777667,115.3694
"277","2014-12_Geographe.Bay_stereoBRUVs","11R1","","2014-12-11","09:09:00",NA,"Geographe Bay","Special Purpose Zone (Mining Exclusion)","30.4","","","","Lizzy","Lauren","","","",5,6,"Y","1",NA,NA,NA,NA,NA,NA,"",-33.35885,115.3694
"278","2014-12_Geographe.Bay_stereoBRUVs","11R2","1","2014-12-11","12:26:00",NA,"Geographe Bay","Special Purpose Zone (Mining Exclusion)","18.6","Brooke","20200827","Logan Penman","Lizzy","Lauren","Brooke","Yes","",11,12,"Y","2",NA,NA,NA,NA,NA,NA,"",-33.3967333,115.5076167
"279","2014-12_Geographe.Bay_stereoBRUVs","11R3","1","2014-12-11","12:40:00",NA,"Geographe Bay","Special Purpose Zone (Mining Exclusion)","14.7","Brooke","20200827","Logan Penman","Lauren","Laura","Brooke","Yes","",9,10,"Y","1",NA,NA,NA,NA,NA,NA,"",-33.41215,115.5204667
"280","2014-12_Geographe.Bay_stereoBRUVs","11R4","1","2014-12-11","12:48:00",NA,"Geographe Bay","Special Purpose Zone (Mining Exclusion)","14.5","Brooke","20200828","Logan Penman","Lauren","Lizzy","Brooke","Yes","",19,20,"Y","1",NA,NA,NA,NA,NA,NA,"UPSIDE DOWN",-33.4197,115.51755
"281","2014-12_Geographe.Bay_stereoBRUVs","12RC1","2","2014-12-12","06:09:00",NA,"Geographe Bay","Habitat Protection Zone","26.5","Logan","8.8.20","Brooke Gibbons - check Pandus","Laura","Lauren","Logan","Yes","",5,6,"","4",NA,NA,NA,NA,NA,NA,"",-33.5932167,115.2132833
"282","2014-12_Geographe.Bay_stereoBRUVs","12RC2","1","2014-12-12","08:23:00",NA,"Geographe Bay","Multiple Use Zone","17.6","Daphne","20200910","Brooke Gibbons - check wobbegong","Lauren","Lauren","Daphne","","",19,20,"","2",NA,NA,NA,NA,NA,NA,"",-33.5916,115.23785
"283","2014-12_Geographe.Bay_stereoBRUVs","12RC3","1","2014-12-12","08:32:00",NA,"Geographe Bay","Multiple Use Zone","17.9","","","","Lauren","Lizzy","","","",5,6,"","2",NA,NA,NA,NA,NA,NA,"",-33.5914667,115.24145
"284","2014-12_Geographe.Bay_stereoBRUVs","12RC5","1","2014-12-12","11:16:00",NA,"Geographe Bay","Multiple Use Zone","14.2","Daphne","20201001","Brooke Gibbons - check brownii","Lizzy","Lauren","Daphne","","",23,24,"","1",NA,NA,NA,NA,NA,NA,"",-33.5621333,115.3443
"285","2014-12_Geographe.Bay_stereoBRUVs","12RC6","2","2014-12-12","11:22:00",NA,"Geographe Bay","Multiple Use Zone","14.7","Logan","18.08.20","Brooke Gibbons","laura","Laura","Logan","Yes","",11,12,"","4L",NA,NA,NA,NA,NA,NA,"",-33.5711,115.3481333
"286","2014-12_Geographe.Bay_stereoBRUVs","12RC7","2","2014-12-12","13:38:00",NA,"Geographe Bay","Multiple Use Zone","15.2","Logan","19.08.20","Brooke Gibbons","laura","Lauren","Logan","Yes","",5,6,"","4",NA,NA,NA,NA,NA,NA,"",-33.5118,115.41785
"287","2014-12_Geographe.Bay_stereoBRUVs","12RC8","2","2014-12-12","13:41:00",NA,"Geographe Bay","Multiple Use Zone","14.1","Logan","4.08.20","Brooke Gibbons - check valenciennesi","laura","Lauren","Logan","Yes","",21,22,"","4",NA,NA,NA,NA,NA,NA,"",-33.5148667,115.41815
"288","2014-12_Geographe.Bay_stereoBRUVs","12RC9","2","2014-12-12","13:48:00",NA,"Geographe Bay","Multiple Use Zone","14.5","","","","Lauren","Laura","","","",15,16,"","3R 4L",NA,NA,NA,NA,NA,NA,"",-33.5162167,115.4064167
"289","2014-12_Geographe.Bay_stereoBRUVs","13RC1","2","2014-12-13","06:11:00",NA,"Geographe Bay","Multiple Use Zone","13.8","Logan","17.08.20","Brooke Gibbons","Lauren","Damo","Logan","Yes","",9,10,"","3",NA,NA,NA,NA,NA,NA,"",-33.5059833,115.43075
"290","2014-12_Geographe.Bay_stereoBRUVs","13RC11","2","2014-12-13","13:23:00",NA,"Geographe Bay","Special Purpose Zone (Mining Exclusion)","31","Logan","16.07.20","Brooke Gibbons","Laura","Damo","Logan","Yes","",19,20,"","3",NA,NA,NA,NA,NA,NA,"",-33.3740333,115.36925
"291","2014-12_Geographe.Bay_stereoBRUVs","13RC12","2","2014-12-13","13:25:00",NA,"Geographe Bay","Special Purpose Zone (Mining Exclusion)","31.3","Logan","17.08.20","Brooke Gibbons","Laura","Laura","Logan","Yes","",5,6,"","3",NA,NA,NA,NA,NA,NA,"R vid cuts out at 8 min-could not measure all",-33.3743667,115.3668167
"292","2014-12_Geographe.Bay_stereoBRUVs","13RC13","3","2014-12-13","13:31:00",NA,"Geographe Bay","","31.1","","","","Lizzy","Damo","","","",21,22,"","5",NA,NA,NA,NA,NA,NA,"",-33.3754833,115.3631167
"293","2014-12_Geographe.Bay_stereoBRUVs","13RC15","2","2014-12-13","13:39:00",NA,"Geographe Bay","Special Purpose Zone (Mining Exclusion)","32.5","Logan","17.08.20","Brooke Gibbons - check decapterus","Laura","Lizzy","Logan","Yes","",15,16,"","3",NA,NA,NA,NA,NA,NA,"Cuts out at 47minutes",-33.3768333,115.3559333
"294","2014-12_Geographe.Bay_stereoBRUVs","13RC2","2","2014-12-13","06:27:00",NA,"Geographe Bay","Multiple Use Zone","13.4","(opcode sheet says: 87)","","","Lizzy","Damo","(opcode sheet says: 87)","","",25,26,"","3",NA,NA,NA,NA,NA,NA,"",-33.49485,115.45595
"295","2014-12_Geographe.Bay_stereoBRUVs","13RC3","2","2014-12-13","08:00:00",NA,"Geographe Bay","Multiple Use Zone","13.6","(opcode sheet says: 791)","","","Lauren","Laura","(opcode sheet says: 791)","","",23,24,"","3",NA,NA,NA,NA,NA,NA,"",-33.4839333,115.45155
"296","2014-12_Geographe.Bay_stereoBRUVs","13RC4","2","2014-12-13","08:30:00",NA,"Geographe Bay","Multiple Use Zone","19.5","Logan","18.08.20","Brooke Gibbons","Lizzy","Laura","Logan","Yes","",13,14,"","3",NA,NA,NA,NA,NA,NA,"",-33.4993833,115.3964667
"297","2014-12_Geographe.Bay_stereoBRUVs","13RC5","3","2014-12-13","10:05:00",NA,"Geographe Bay","Multiple Use Zone","26.8","","","","Lizzy","Damo","","","",15,16,"","5",NA,NA,NA,NA,NA,NA,"",-33.4839333,115.4656167
"298","2014-12_Geographe.Bay_stereoBRUVs","13RC6","2","2014-12-13","13:07:00",NA,"Geographe Bay","Special Purpose Zone (Mining Exclusion)","29.7","Logan","26.08.20","Brooke Gibbons","Lauren","Laura","Logan","Yes","",15,16,"","3L",NA,NA,NA,NA,NA,NA,"",-33.3809667,115.3892333
"299","2014-12_Geographe.Bay_stereoBRUVs","13RC7","3","2014-12-13","13:10:00",NA,"Geographe Bay","Special Purpose Zone (Mining Exclusion)","29.5","","","","Lizzy","Damo","","","",11,12,"","5",NA,NA,NA,NA,NA,NA,"",-33.3774333,115.38605
"300","2014-12_Geographe.Bay_stereoBRUVs","13RC8","2","2014-12-13","13:14:00",NA,"Geographe Bay","Special Purpose Zone (Mining Exclusion)","30.4","Logan","13.8.20","Brooke Gibbons","Lizzy","Laura","Logan","Yes","",23,24,"","3",NA,NA,NA,NA,NA,NA,"",-33.3726,115.3791
"301","2014-12_Geographe.Bay_stereoBRUVs","13RC9","2","2014-12-13","13:18:00",NA,"Geographe Bay","Special Purpose Zone (Mining Exclusion)","30.9","Logan","17.08.20","Brooke Gibbons","Lauren","Laura","Logan","Yes","",17,18,"","3L",NA,NA,NA,NA,NA,NA,"",-33.3730667,115.3747833
"302","2014-12_Geographe.Bay_stereoBRUVs","GBR1-1","2","2014-12-17","12:02",NA,"Geographe Bay","","17.3","","","","Laura","Lauren","","","",5,6,"","4",NA,NA,NA,NA,NA,NA,"",-33.5936167,115.19625
"303","2014-12_Geographe.Bay_stereoBRUVs","GBR1-2","2","2014-12-17","12:05",NA,"Geographe Bay","Multiple Use Zone","16","Logan","11.8.20","Brooke Gibbons","Lizzy","Lauren","Logan","Yes","",21,22,"","4",NA,NA,NA,NA,NA,NA,"",-33.5936,115.1995333
"304","2014-12_Geographe.Bay_stereoBRUVs","GBR1-3","2","2014-12-17","12:07",NA,"Geographe Bay","Habitat Protection Zone","15.8","Logan ","11.8.20","Brooke Gibbons","Damon","Lauren","Logan ","Yes","",19,20,"","4",NA,NA,NA,NA,NA,NA,"",-33.5937833,115.2022833
"305","2014-12_Geographe.Bay_stereoBRUVs","GBR1-4","2","2014-12-17","12:09",NA,"Geographe Bay","Habitat Protection Zone","16.8","Logan","12.8.20","Brooke Gibbons","Lauren","Lauren","Logan","Yes","",15,16,"","4",NA,NA,NA,NA,NA,NA,"",-33.59345,115.2055167
"306","2014-12_Geographe.Bay_stereoBRUVs","GBR2-1","1","2014-12-17","13:40",NA,"Geographe Bay","","17.7","","","","Laura","Lizzy","","","",11,12,"","2",NA,NA,NA,NA,NA,NA,"",-33.5938333,115.19065
"307","2014-12_Geographe.Bay_stereoBRUVs","GBR2-2","1","2014-12-17","13:42",NA,"Geographe Bay","","16.2","","","","Laura","Lauren","","","",23,24,"","2",NA,NA,NA,NA,NA,NA,"",-33.5940167,115.1883833
"308","2014-12_Geographe.Bay_stereoBRUVs","GBR2-3","1","2014-12-17","13:44",NA,"Geographe Bay","","16.4","","","","Lauren","Ronen","","","",17,18,"","2",NA,NA,NA,NA,NA,NA,"",-33.5940667,115.1864833
"309","2014-12_Geographe.Bay_stereoBRUVs","GBR2-4","1","2014-12-17","13:38",NA,"Geographe Bay","","16.2","","","","Lizzy","N/A","","","N",25,26,"","2",NA,NA,NA,NA,NA,NA,"Right cam didn't record?",-33.59365,115.193
"310","2014-12_Geographe.Bay_stereoBRUVs","GBR3-1","1","2014-12-17","13:53",NA,"Geographe Bay","","17.6","","","","Lauren","Lizzy","","","",19,20,"","2",NA,NA,NA,NA,NA,NA,"",-33.5944667,115.1819333
"311","2014-12_Geographe.Bay_stereoBRUVs","GBR3-2","","2014-12-17","13:30",NA,"Geographe Bay","","17.9","","","","Lauren","N/A","","","N",15,16,"","2",NA,NA,NA,NA,NA,NA,"Rightcam cuts out 1 min",-33.59365,115.193
"312","2014-12_Geographe.Bay_stereoBRUVs","GBR3-3","1","2014-12-17","13:47",NA,"Geographe Bay","","17","","","","Lizzy","Lizzy","","","",9,10,"","2",NA,NA,NA,NA,NA,NA,"",-33.59365,115.1839667
"313","2014-12_Geographe.Bay_stereoBRUVs","GBR3-4","1","2014-12-17","13:46",NA,"Geographe Bay","","16.6","","","","Lauren","Lizzy","","","",13,14,"","2",NA,NA,NA,NA,NA,NA,"",-33.5938667,115.1851
"314","2014-12_Geographe.Bay_stereoBRUVs","GBR4-1","2","2014-12-17","12:11",NA,"Geographe Bay","Habitat Protection Zone","16.1","Logan","12.8.20","Brooke Gibbons","Damon","Lauren","Logan","Yes","",9,10,"","4",NA,NA,NA,NA,NA,NA,"",-33.5933333,115.2080833
"315","2014-12_Geographe.Bay_stereoBRUVs","GBR4-2","1","2014-12-17","12:13",NA,"Geographe Bay","Habitat Protection Zone","16.3","Hayley","8.8.20","Logan Penman","Lauren","Lauren","Hayley","Yes","",13,14,"","2",NA,NA,NA,NA,NA,NA,"",-33.5928333,115.2102333
"316","2014-12_Geographe.Bay_stereoBRUVs","GBR5-1","1","2014-12-17","12:15",NA,"Geographe Bay","Habitat Protection Zone","16.2","Hayley","11.8.20","Logan Penman","Laura","Ronen","Hayley","Yes","",17,18,"","2",NA,NA,NA,NA,NA,NA,"",-33.5932167,115.2119333
"317","2014-12_Geographe.Bay_stereoBRUVs","GBR5-2","1","2014-12-17","12:17",NA,"Geographe Bay","Habitat Protection Zone","16.6","Hayley","8.8.20","Logan Penman","Laura","Lizzy","Hayley","Yes","",23,24,"","2",NA,NA,NA,NA,NA,NA,"",-33.5927333,115.2148
"318","2014-12_Geographe.Bay_stereoBRUVs","GBR5-3","2","2014-12-17","12:19",NA,"Geographe Bay","Habitat Protection Zone","16.4","Logan ","13.8.20","Brooke Gibbons","Lizzy","Lauren","Logan ","Yes","",11,12,"","4",NA,NA,NA,NA,NA,NA,"Rightcam cuts out at 52 mins - M. australis not measured",-33.5924167,115.2175167
"319","2014-12_Geographe.Bay_stereoBRUVs","GBR-BOB","3","2014-12-17","12:23",NA,"Geographe Bay","","16.7","","","","Lizzy","Lizzy","","","",25,26,"","5",NA,NA,NA,NA,NA,NA,"",-33.59235,115.2205667
"320","2014-12_Geographe.Bay_stereoBRUVs","RB1","1","2014-12-09","06:49",NA,"Geographe Bay","Multiple Use Zone","28","Hayley ","11.8.20","Logan Penman","Lizzy","Laura","Hayley ","Yes","",25,26,"Y","1",NA,NA,NA,NA,NA,NA,"BLACK HOUSING",-33.53455,115.2176667
"321","2014-12_Geographe.Bay_stereoBRUVs","RB2","1","2014-12-09","09:39",NA,"Geographe Bay","Multiple Use Zone","30","Hayley ","11.8.20","Logan Penman","Lizzy","Laura","Hayley ","Yes","",13,14,"Y","1",NA,NA,NA,NA,NA,NA,"L CARD 83 DODGY",-33.5085667,115.2254833
"322","2014-12_Geographe.Bay_stereoBRUVs","RC1","1","2014-12-09","10:09",NA,"Geographe Bay","Special Purpose Zone (Mining Exclusion)","34.2","Hayley ","12.8.20","Logan Penman","Laura","Lizzy","Hayley ","Yes","",17,18,"Y","1",NA,NA,NA,NA,NA,NA,"",-33.4628,115.23995
"323","2014-12_Geographe.Bay_stereoBRUVs","RC2","1","2014-12-09","10:34",NA,"Geographe Bay","Multiple Use Zone","34.3","Hayley ","12.8.20","Logan Penman","Lizzy","Lauren","Hayley ","Yes","",11,12,"Y","1",NA,NA,NA,NA,NA,NA,"",-33.48635,115.1780333
"324","2014-12_Geographe.Bay_stereoBRUVs","RC3","1","2014-12-09","13:11",NA,"Geographe Bay","Special Purpose Zone (Mining Exclusion)","35","Hayley ","12.8.20","Logan - check maculatus with brooke","Lauren","Lizzy","Hayley ","Yes","",19,20,"Y","1",NA,NA,NA,NA,NA,NA,"",-33.4704833,115.1684167
